customer_id,recency,frequency,historical_revenue,average_order_value,transaction_count,total_quantity,unique_products,future_revenue,predicted_future_revenue,prediction_error
12415.0,8,22,121631.72,149.79275862068965,812,80774,438,22826.65,34690.68229999993,-11864.032299999926
15061.0,36,116,108429.88,136.73377049180328,793,64553,120,17959.14,17016.695549999993,942.4444500000063
13089.0,8,177,97915.57,33.682686618507056,2907,51689,776,15501.34,14842.099150000005,659.2408499999947
13881.0,4,34,37418.26,93.54565000000001,400,25570,177,7760.84,10120.2757,-2359.4357
16705.0,7,32,39260.411,66.43047546531302,591,20752,358,4254.64,9898.261249999998,-5643.621249999997
13408.0,8,85,39894.422,60.081960843373494,664,22949,271,10280.36,8616.46215,1663.8978500000012
15838.0,17,27,53715.92,378.2811267605634,142,53744,58,19489.58,8534.39535,10955.184650000001
14606.0,2,170,27384.13,4.801706119586183,5703,13881,1221,2567.2400000000002,8187.646999999992,-5620.406999999992
16779.0,15,46,28574.04,30.39791489361702,940,17700,279,4234.99,5643.358749999994,-1408.3687499999942
13027.0,22,19,17239.2,202.81411764705882,85,42840,7,0.0,4947.4530999999915,-4947.4530999999915
17428.0,19,37,24871.0,38.619565217391305,644,14621,383,6595.76,4750.843149999995,1844.916850000005
13078.0,15,46,23307.27,33.92615720524017,687,8902,141,5710.79,3827.795649999998,1882.9943500000018
12714.0,15,11,12774.55,20.341640127388533,628,7963,402,1319.16,3744.6272000000013,-2425.467200000001
13093.0,184,55,54144.25,52.212391513982645,1037,25971,199,0.0,3639.2732000000015,-3639.2732000000015
14277.0,121,7,14638.64,63.370735930735925,231,88685,218,2558.97,3388.8461000000007,-829.8761000000009
13178.0,42,18,12725.45,20.295773524720893,627,7807,183,1333.74,3313.301700000002,-1979.5617000000018
13199.0,1,51,10887.25,72.58166666666666,150,9043,42,5076.96,3028.261999999998,2048.698000000002
12621.0,9,30,20816.57,32.782,635,11705,297,3494.63,3000.9009000000015,493.72909999999865
12477.0,9,6,15890.66,34.32107991360691,463,4984,276,4385.71,2991.8570999999997,1393.8529000000003
14961.0,0,20,14283.4,24.25025466893039,589,7333,297,2126.75,2976.4788000000026,-849.7288000000026
17133.0,99,8,12208.880000000001,283.92744186046514,43,8502,21,2413.4500000000003,2942.4392500000017,-528.9892500000014
12949.0,23,21,14808.9,21.809867452135492,679,7900,332,717.8000000000001,2905.8590500000028,-2188.0590500000026
17581.0,18,35,13448.22,20.626104294478527,652,7099,348,4502.95,2861.976250000001,1640.9737499999987
15601.0,31,27,13000.64,17.3111051930759,751,9415,286,1191.1,2835.4713500000043,-1644.3713500000044
12451.0,126,5,8942.18,25.403920454545457,352,6889,259,3727.7,2816.4527000000035,911.2472999999964
15749.0,144,3,44534.3,4453.43,10,18028,5,0.0,2285.914100000001,-2285.914100000001
17576.0,7,36,7413.37,10.04521680216802,738,4004,355,1298.58,2248.943250000001,-950.3632500000012
16168.0,3,57,9205.19,32.99351254480287,279,4475,119,1155.48,2235.5831500000018,-1080.1031500000017
13854.0,1,34,10304.199999999999,65.63184713375796,157,3158,57,1640.3600000000001,2204.755150000002,-564.3951500000016
17589.0,59,17,13276.84,10.794178861788618,1230,8380,571,561.1,2178.337450000003,-1617.2374500000033
17809.0,38,16,7530.6900000000005,106.06605633802818,71,1681,46,2555.2,2176.432550000001,378.7674499999989
18223.0,5,23,11552.65,23.48099593495935,492,5470,166,2448.2000000000003,2119.0230000000006,329.1769999999997
14709.0,2,21,7918.03,25.057056962025317,316,3661,99,968.3000000000001,2103.815250000001,-1135.5152500000008
13069.0,8,34,8723.03,8.89197757390418,981,14451,550,561.42,2102.329800000001,-1540.9098000000008
12823.0,35,17,5966.0,350.94117647058823,17,860,1,535.5,2079.7361500000006,-1544.2361500000006
17068.0,3,42,7974.83,8.649490238611714,922,3835,228,1012.85,2065.2403000000013,-1052.3903000000014
12637.0,0,11,7939.8099999999995,14.622117863720073,543,4105,273,344.0,1986.4555500000008,-1642.4555500000008
14049.0,67,12,10689.42,12.487640186915888,856,6822,471,2333.98,1932.7616500000013,401.21834999999874
13225.0,51,14,14095.79,123.6472807017544,114,6149,54,2164.28,1932.286150000001,231.99384999999916
14735.0,7,47,9770.18,33.345324232081914,293,3614,168,2469.98,1921.4240500000028,548.5559499999972
14145.0,65,6,6709.05,304.95681818181816,22,1475,11,891.0,1877.9611999999993,-986.9611999999993
16033.0,17,23,7694.54,8.133763213530655,946,2820,444,2914.27,1832.246500000002,1082.023499999998
13668.0,22,30,11539.62,18.58231884057971,621,5312,356,1408.86,1828.9039499999992,-420.0439499999993
16558.0,1,32,9650.79,16.525325342465756,584,5688,305,3653.32,1821.1707500000014,1832.1492499999988
14101.0,51,12,8929.53,105.05329411764707,85,10006,19,1032.4,1805.7430500000012,-773.3430500000011
14796.0,3,24,8775.02,6.964301587301588,1260,6043,428,1394.31,1786.0024999999996,-391.69249999999965
12755.0,189,11,5236.259999999999,83.11523809523808,63,2293,34,0.0,1781.9412999999963,-1781.9412999999963
15044.0,45,31,13542.1,18.704558011049723,724,3995,269,2482.05,1753.4350500000019,728.6149499999983
17315.0,9,35,7686.44,11.880123647604327,647,4223,371,1913.1399999999999,1737.273,175.86699999999996
12683.0,1,18,9779.32,23.678740920096853,413,6012,224,1854.38,1721.7858500000013,132.59414999999876
16713.0,24,28,11175.55,10.68408221797323,1046,6355,460,2940.01,1694.2784999999994,1245.7315000000008
18041.0,12,33,6919.51,9.637200557103064,718,6274,415,1099.26,1677.7234999999998,-578.4634999999998
17457.0,35,14,5984.8099999999995,93.51265624999999,64,2695,30,0.0,1676.5888500000003,-1676.5888500000003
17858.0,25,27,11019.24,38.937243816254416,283,5075,138,1499.41,1659.249150000001,-159.83915000000093
14292.0,54,11,6944.53,44.80341935483871,155,2591,106,2281.7200000000003,1624.7275499999994,656.9924500000009
17308.0,302,2,4511.76,644.5371428571428,7,5148,5,0.0,1624.3840000000002,-1624.3840000000002
16923.0,8,27,10851.99,12.69238596491228,855,5004,348,2305.14,1618.633550000001,686.506449999999
13090.0,45,19,9092.94,46.63046153846154,195,2117,130,3998.7999999999997,1600.1091499999989,2398.690850000001
12431.0,28,23,8819.34,25.939235294117648,340,3802,220,1612.88,1599.0241500000004,13.855849999999691
18109.0,0,30,6377.66,12.312084942084942,518,3997,202,3178.05,1598.350300000001,1579.6996999999992
16549.0,33,26,9527.26,4.124354978354979,2310,5306,687,3254.54,1567.6217000000006,1686.9182999999994
12839.0,1,21,7175.09,17.002582938388628,422,4842,139,2494.03,1559.8083500000005,934.2216499999997
14028.0,459,3,10396.5,1155.1666666666667,9,7170,3,0.0,1557.4876500000007,-1557.4876500000007
14828.0,105,13,9839.460000000001,97.42039603960397,101,9718,72,0.0,1554.1306000000018,-1554.1306000000018
16984.0,38,8,9104.2,9.623890063424948,946,4341,588,1246.33,1552.3349500000008,-306.0049500000009
15372.0,45,8,6017.06,105.56245614035089,57,6410,45,0.0,1551.4066000000012,-1551.4066000000012
15260.0,9,25,8767.73,23.01241469816273,381,4468,186,0.0,1541.6158500000001,-1541.6158500000001
12989.0,66,26,11096.78,188.08101694915254,59,6038,23,2454.9700000000003,1529.7593000000002,925.2107000000001
13941.0,80,13,7745.48,100.59064935064934,77,3800,38,2281.7000000000003,1479.463,802.2370000000003
17426.0,0,11,7321.1,19.1651832460733,382,4634,225,756.6700000000001,1475.8738500000015,-719.2038500000015
16186.0,12,23,7408.02,16.91328767123288,438,5816,153,1310.41,1475.7370000000012,-165.32700000000114
17739.0,105,14,6010.01,50.08341666666667,120,1885,47,1720.58,1474.8924499999996,245.68755000000033
16782.0,47,34,8998.57,5.450375529981829,1651,3823,566,637.5500000000001,1474.8072000000006,-837.2572000000006
12567.0,5,14,10216.18,21.507747368421054,475,4536,315,1551.3,1469.4782499999983,81.82175000000166
15984.0,9,27,7419.9,11.485913312693498,646,4858,425,973.12,1457.2744999999989,-484.15449999999885
12836.0,46,14,6061.9,16.745580110497237,362,2027,252,497.83000000000004,1447.5039999999988,-949.6739999999987
14085.0,50,27,8520.32,9.054537725823591,941,5447,443,1200.35,1447.338800000001,-246.988800000001
14866.0,14,11,7520.54,117.5084375,64,2889,36,13226.0,1430.4206000000006,11795.579399999999
12380.0,94,8,7559.04,36.16765550239234,209,2521,125,2117.26,1411.5942999999997,705.6657000000005
12476.0,49,18,10459.16,26.27929648241206,398,4355,292,3624.75,1409.29865,2215.4513500000003
14092.0,8,20,5897.96,18.664430379746836,316,3035,152,1331.49,1381.5362499999992,-50.04624999999919
12480.0,52,6,4328.17,21.426584158415842,202,2341,146,1136.68,1366.5074500000003,-229.82745000000023
14626.0,31,9,4190.94,23.413072625698323,179,2611,139,1219.98,1358.2595000000001,-138.2795000000001
16546.0,199,5,5307.07,60.307613636363634,88,4211,75,0.0,1343.4259999999988,-1343.4259999999988
16008.0,113,13,4999.5,22.121681415929203,226,2989,58,339.63,1300.5300499999992,-960.9000499999992
15179.0,142,11,6740.09,25.24378277153558,267,4772,190,751.83,1295.1002499999993,-543.2702499999992
14461.0,56,13,6676.91,10.498286163522012,636,3005,515,0.0,1287.6661499999987,-1287.6661499999987
15521.0,3,15,6424.82,16.95203166226913,379,4141,183,673.42,1274.0269499999988,-600.6069499999988
14572.0,19,9,4785.58,10.587566371681415,452,2641,304,741.3000000000001,1253.6970500000002,-512.3970500000001
13266.0,21,15,4836.36,20.40658227848101,237,5469,129,1298.68,1246.6604000000013,52.01959999999872
14038.0,53,4,2595.92,19.372537313432836,134,1444,88,473.96,1243.2774,-769.3173999999999
17799.0,8,19,5722.75,6.8209177592371875,839,3265,449,524.18,1218.8162500000003,-694.6362500000004
13869.0,32,10,7996.87,9.542804295942721,838,4302,502,0.0,1204.9527500000006,-1204.9527500000006
14395.0,86,17,6274.34,10.185616883116884,616,3153,261,1527.59,1184.5064999999993,343.08350000000064
12456.0,40,2,2265.4,26.34186046511628,86,1073,77,915.64,1182.4641500000005,-266.8241500000005
12720.0,3,22,5695.39,15.68977961432507,363,4430,230,2091.89,1182.1552,909.7348
13285.0,70,5,2625.57,14.505911602209945,181,1860,147,739.02,1170.9552499999998,-431.93524999999977
14329.0,17,12,8397.41,17.243141683778234,487,5010,309,1490.21,1158.3093999999985,331.90060000000153
14800.0,18,14,6692.03,12.36974121996303,541,6011,302,499.3,1149.70835,-650.4083500000002
13985.0,16,14,5733.77,19.97829268292683,287,2871,103,4287.09,1134.9674999999988,3152.1225000000013
17146.0,14,13,5852.64,19.443986710963458,301,2188,164,0.0,1127.382199999999,-1127.382199999999
13534.0,16,31,6222.35,18.85560606060606,330,3150,145,1498.55,1126.5602999999999,371.9897000000001
14099.0,29,17,4956.66,10.523694267515923,471,3213,252,794.25,1107.8941,-313.6441
14221.0,21,15,5701.7,19.593470790378007,291,3163,136,815.79,1106.5033999999987,-290.7133999999987
16904.0,3,19,3970.16,4.993911949685534,795,2225,437,705.2,1098.1192000000012,-392.9192000000012
12957.0,95,9,6404.72,17.79088888888889,360,3385,296,2302.25,1096.2267499999984,1206.0232500000016
13875.0,42,13,4452.38,18.02582995951417,247,2761,147,361.99,1065.7414999999999,-703.7514999999999
16316.0,66,12,5018.81,19.22915708812261,261,2758,181,726.1,1056.9427499999993,-330.8427499999992
15570.0,50,22,7397.65,11.346088957055214,652,3151,405,1338.84,1043.7326999999998,295.1073000000001
14530.0,2,15,5709.08,12.800627802690583,446,2645,250,379.79,1032.280949999999,-652.490949999999
15665.0,77,5,3987.07,13.940804195804196,286,2777,163,0.0,1028.5101500000003,-1028.5101500000003
17050.0,5,11,4648.59,13.31974212034384,349,2432,193,0.0,1010.8624999999998,-1010.8624999999998
16012.0,37,4,2695.42,13.682335025380711,197,1512,176,283.17,1002.8353000000005,-719.6653000000006
13373.0,67,5,6330.52,20.68797385620915,306,3556,261,1256.67,997.8454499999991,258.82455000000095
12876.0,105,3,2590.2000000000003,21.76638655462185,119,1757,92,1491.59,979.7835000000003,511.8064999999996
14113.0,263,13,5685.6900000000005,63.17433333333334,90,2796,58,1406.92,971.41205,435.50795000000005
15379.0,78,8,4877.84,18.546920152091257,263,3000,177,0.0,971.3239999999994,-971.3239999999994
14056.0,15,17,5333.97,7.286844262295082,732,2864,274,2818.7400000000002,969.1457000000004,1849.5942999999997
15756.0,61,3,359.89,2.6658518518518517,135,166,118,168.12,945.2987500000002,-777.1787500000002
14367.0,46,10,5419.7,16.17820895522388,335,2562,209,3808.12,941.1677999999998,2866.9522
14334.0,2,11,4094.98,16.78270491803279,244,2852,146,223.5,934.6887999999993,-711.1887999999993
17091.0,7,17,6359.99,15.550097799511002,409,3276,233,1135.76,933.8139499999994,201.94605000000058
13851.0,4,8,4606.46,32.903285714285715,140,2525,111,0.0,928.4593500000001,-928.4593500000001
13115.0,92,7,4078.4700000000003,16.379397590361446,249,2988,161,1416.23,921.2190999999999,495.0109000000001
12633.0,38,6,5462.93,18.772955326460483,291,3144,213,215.23000000000002,921.1388499999998,-705.9088499999998
14817.0,109,7,3959.86,17.216782608695652,230,2462,142,0.0,917.0139499999993,-917.0139499999993
15950.0,15,8,6467.58,17.768076923076922,364,3080,208,653.33,897.8668499999999,-244.53684999999984
17730.0,14,15,5531.09,23.840905172413795,232,3876,139,2242.71,891.20295,1351.5070500000002
14713.0,7,19,4483.17,7.337430441898527,611,2952,208,632.59,887.3453999999998,-254.75539999999978
13012.0,57,7,2323.3,20.028448275862072,116,1250,72,634.53,886.79005,-252.26004999999998
14913.0,92,7,3762.85,16.949774774774774,222,3574,161,310.28000000000003,880.2481999999997,-569.9681999999996
13192.0,4,6,2558.58,15.793703703703704,162,1629,135,0.0,877.4418499999998,-877.4418499999998
16571.0,85,9,3723.84,16.40458149779736,227,3355,136,524.9,873.0550999999998,-348.15509999999983
18073.0,23,12,3859.82,53.60861111111112,72,3102,23,0.0,861.7334999999995,-861.7334999999995
16729.0,7,17,5343.2699999999995,12.17145785876993,439,3989,140,1862.06,860.1100000000002,1001.9499999999997
18198.0,9,14,4427.39,37.84094017094017,117,3491,64,998.1700000000001,857.9626500000003,140.2073499999998
17307.0,304,11,3999.8900000000003,83.33104166666668,48,3667,22,0.0,856.5345500000002,-856.5345500000002
15203.0,14,13,3900.7,12.747385620915033,306,3768,141,499.48,852.0583500000005,-352.57835000000046
13870.0,10,12,5120.61,23.92808411214953,214,3182,152,591.47,851.3146000000008,-259.8446000000008
15370.0,49,5,2866.42,24.291694915254237,118,1178,82,872.5899999999999,851.0429500000006,21.54704999999933
16153.0,24,10,4332.8,22.449740932642488,193,3150,140,800.69,847.7477999999999,-47.057799999999816
16283.0,29,6,3365.86,6.869102040816327,490,2072,334,984.46,835.1405000000004,149.3194999999996
16910.0,0,1,111.78,2.1496153846153847,52,93,52,1397.18,823.6241000000006,573.5558999999995
16992.0,7,11,4834.54,19.18468253968254,252,1831,196,641.96,817.9533999999996,-175.9933999999996
16717.0,4,12,4380.26,18.100247933884297,242,2041,190,2283.42,812.6944500000006,1470.7255499999994
15764.0,16,7,4499.73,18.217530364372468,247,2943,187,3.35,800.4479499999997,-797.0979499999996
16743.0,21,13,3859.92,11.123688760806917,347,3338,111,352.23,799.6251499999998,-447.39514999999983
17774.0,5,9,3273.83,8.246423173803526,397,1585,286,0.0,798.1913000000001,-798.1913000000001
13014.0,22,6,3937.2799999999997,22.11955056179775,178,1690,138,1443.8,793.9427000000001,649.8572999999999
13982.0,72,8,3312.62,17.714545454545455,187,2125,98,641.67,786.8899500000001,-145.21995000000015
14129.0,4,7,2193.71,24.106703296703298,91,1177,40,397.63,785.0173500000004,-387.3873500000004
16931.0,12,16,3374.68,5.1209104704097115,659,2190,365,1657.54,775.8660000000002,881.6739999999998
16187.0,8,12,5395.7,23.257327586206895,232,3925,140,1515.74,763.2036,752.5364
16555.0,18,5,1781.77,30.720172413793104,58,1731,54,133.91,754.35965,-620.44965
14640.0,36,8,3025.34,17.69204678362573,171,1337,142,624.02,752.6333000000006,-128.61330000000066
13562.0,50,7,4248.58,25.440598802395208,167,1373,87,589.6,752.0508999999989,-162.4508999999989
12609.0,95,8,3109.7400000000002,19.681898734177217,158,1423,117,326.12,742.8393500000004,-416.7193500000004
14315.0,38,7,2266.84,22.668400000000002,100,1012,68,930.98,739.5087499999994,191.47125000000062
15845.0,53,8,3241.27,25.126124031007752,129,1580,105,1185.01,738.31575,446.69425
16515.0,0,9,2802.28,12.795799086757992,219,1435,176,376.78,734.4549000000003,-357.6749000000003
17848.0,37,29,3479.51,21.216524390243904,164,1396,105,79.6,725.8774999999998,-646.2774999999998
12770.0,119,2,3246.45,115.94464285714285,28,1843,19,0.0,723.3397000000003,-723.3397000000003
13634.0,15,14,4242.38,12.086552706552707,351,1737,191,791.39,720.7475499999996,70.6424500000004
17314.0,57,14,3883.43,20.439105263157895,190,2785,141,1021.0,718.0192999999998,302.9807000000002
13213.0,37,10,3294.82,19.96860606060606,165,2080,147,556.7,712.4478500000001,-155.74785000000008
13552.0,32,19,5971.76,34.320459770114944,174,2237,145,977.16,711.3645000000002,265.7954999999997
15288.0,64,9,3415.2200000000003,23.716805555555556,144,1282,124,300.15999999999997,710.4937500000001,-410.3337500000001
13880.0,54,12,2754.85,18.868835616438357,146,1545,101,1539.01,707.6243500000003,831.3856499999997
14050.0,15,1,485.98,13.134594594594596,37,447,37,260.38,706.5101500000002,-446.1301500000002
12412.0,46,5,2260.79,20.367477477477475,111,1767,74,336.14000000000004,706.4273499999998,-370.2873499999998
15245.0,42,8,4610.84,31.154324324324325,148,3021,72,0.0,700.2317499999994,-700.2317499999994
13971.0,15,12,3895.21,18.20191588785047,214,2572,165,772.36,697.5646999999993,74.79530000000068
17876.0,308,3,3424.02,856.005,4,1958,3,0.0,695.5037500000008,-695.5037500000008
15569.0,12,10,3583.45,25.596071428571427,140,1734,123,0.0,694.7719999999999,-694.7719999999999
16446.0,114,1,2.9,1.45,2,2,2,168469.6,692.7378000000001,167776.8622
12916.0,47,7,4479.73,26.044941860465112,172,1681,82,0.0,688.271699999999,-688.271699999999
13517.0,15,2,1612.18,14.927592592592593,108,981,99,516.24,687.9169500000004,-171.67695000000037
17742.0,22,11,2098.48,24.688,85,653,52,0.0,682.61645,-682.61645
16772.0,332,3,3698.05,54.38308823529412,68,687,54,0.0,681.5357499999998,-681.5357499999998
12549.0,484,6,1575.68,32.15673469387755,49,1366,38,0.0,674.5053,-674.5053
15069.0,88,1,1109.53,15.850428571428571,70,520,70,0.0,664.1203999999998,-664.1203999999998
16748.0,126,12,3031.63,23.32023076923077,130,1739,48,605.7,663.1738500000002,-57.4738500000002
15623.0,49,8,2437.05,22.56527777777778,108,1087,91,0.0,662.3948500000001,-662.3948500000001
13935.0,505,3,6116.92,76.4615,80,2252,67,0.0,660.2682999999998,-660.2682999999998
13726.0,9,1,292.68,12.725217391304348,23,384,23,786.98,658.8283500000009,128.1516499999991
14868.0,29,8,2527.4900000000002,18.18338129496403,139,1514,105,1656.52,658.8080000000006,997.7119999999994
16072.0,197,4,4180.09,7.87210922787194,531,1580,414,0.0,656.4546500000002,-656.4546500000002
15978.0,341,2,2180.64,27.258,80,1556,72,1098.78,652.4082500000003,446.3717499999997
17422.0,2,10,3314.36,17.536296296296296,189,3034,137,280.4,650.43935,-370.03935
15854.0,49,18,5002.85,23.269069767441863,215,1509,135,575.4300000000001,648.0491000000004,-72.61910000000034
13689.0,353,1,349.5,116.5,3,210,3,910.0,645.7071099999997,264.2928900000003
15187.0,0,6,1883.88,48.30461538461539,39,801,37,2893.3,645.56785,2247.7321500000003
17084.0,305,1,2253.22,17.06984848484848,132,1476,132,2747.99,645.4053,2102.5847
14217.0,8,16,2505.11,18.285474452554745,137,921,103,793.48,643.2523500000005,150.22764999999947
16503.0,15,11,3614.34,16.9687323943662,213,1535,161,0.0,634.02265,-634.02265
17082.0,227,5,3365.12,29.779823008849558,113,1793,74,1366.91,630.6784,736.2316000000001
15864.0,7,4,1202.3000000000002,80.15333333333335,15,852,13,978.46,630.2138499999992,348.24615000000085
15071.0,2,4,1455.56,26.954814814814814,54,416,41,0.0,629.9635499999997,-629.9635499999997
12924.0,107,11,2190.9700000000003,37.13508474576272,59,1227,45,278.43,627.6649550000005,-349.2349550000005
17092.0,34,9,4366.7,13.731761006289307,318,3028,224,1144.71,624.5571499999999,520.1528500000002
12909.0,110,6,2452.89,18.5825,132,1454,98,650.3,613.6117500000001,36.68824999999981
16813.0,5,7,1146.84,3.443963963963964,333,1163,200,505.34,612.0562499999999,-106.71624999999989
12849.0,177,5,2701.03,20.777153846153848,130,1747,110,341.44,611.3736000000009,-269.9336000000009
13728.0,16,15,2636.05,17.45728476821192,151,1165,68,219.12,610.3929000000003,-391.2729000000003
16003.0,43,8,4672.36,29.571898734177214,158,1620,126,941.47,609.5528499999996,331.91715000000045
13455.0,275,5,1847.59,18.85295918367347,98,631,70,365.4,608.4963,-243.09630000000004
13328.0,225,1,1308.48,76.96941176470588,17,680,17,0.0,607.4845999999998,-607.4845999999998
13782.0,33,10,1362.01,7.362216216216217,185,458,151,424.07,602.45235,-178.38235000000003
14420.0,7,4,1639.17,17.62548387096774,93,1120,85,0.0,600.8267000000008,-600.8267000000008
14132.0,22,5,1552.46,17.844367816091953,87,1420,48,2033.57,594.2118000000005,1439.3581999999994
15202.0,329,3,6001.49,2000.4966666666667,3,3,1,0.0,591.4378999999999,-591.4378999999999
15329.0,43,10,2663.13,19.159208633093527,139,1117,91,295.7,590.2411000000004,-294.5411000000004
16218.0,23,12,3519.47,28.38282258064516,124,2463,77,449.2,588.6836999999992,-139.48369999999926
13037.0,47,12,3914.9500000000003,16.87478448275862,232,2130,181,0.0,581.0694999999995,-581.0694999999995
13265.0,92,3,1450.66,23.781311475409836,61,1126,44,642.0,573.2101000000001,68.78989999999988
17406.0,242,13,4186.95,17.5922268907563,238,1847,155,0.0,571.6532999999998,-571.6532999999998
17891.0,70,1,203.85999999999999,5.995882352941176,34,393,34,0.0,569.6302000000006,-569.6302000000006
17213.0,50,11,3868.1800000000003,18.59701923076923,208,1669,113,1001.22,568.8739500000005,432.34604999999954
12832.0,7,1,267.8,14.877777777777778,18,132,18,115.23,568.3971000000004,-453.16710000000035
13680.0,246,10,10092.14,19.333601532567048,522,4505,280,1327.53,565.0802499999996,762.4497500000003
17613.0,26,9,2976.69,12.351410788381743,241,1667,173,1567.8600000000001,553.4812500000006,1014.3787499999995
17203.0,297,4,2004.01,17.734601769911503,113,1751,84,3560.08,552.1490500000003,3007.9309499999995
16912.0,43,11,3443.51,25.697835820895524,134,1249,102,1017.0,550.2093500000005,466.79064999999946
17265.0,47,2,550.01,4.50827868852459,122,389,106,0.0,549.3851999999999,-549.3851999999999
15306.0,1,8,2967.45,22.145149253731343,134,2776,99,517.28,548.5722000000004,-31.292200000000435
12585.0,143,2,2040.1,23.44942528735632,87,1279,77,0.0,548.0726,-548.0726
14973.0,16,3,1314.45,41.0765625,32,369,29,0.0,547.2144999999994,-547.2144999999994
13821.0,53,6,1379.08,6.760196078431372,204,477,158,0.0,542.6353000000007,-542.6353000000007
17554.0,31,2,1249.89,19.83952380952381,63,1409,51,702.56,542.0419000000002,160.51809999999978
15481.0,310,1,1993.34,52.456315789473685,38,1450,38,0.0,540.2375999999997,-540.2375999999997
12853.0,43,11,3907.5,26.402027027027028,148,1668,111,0.0,535.2111,-535.2111
17138.0,184,7,4417.27,17.2549609375,256,2024,234,0.0,527.0192000000001,-527.0192000000001
13889.0,1,6,1991.23,23.990722891566264,83,979,57,0.0,522.9521500000001,-522.9521500000001
14533.0,21,6,2251.63,44.149607843137254,51,2931,44,1214.74,515.1296499999999,699.6103500000002
12868.0,94,8,2043.76,15.251940298507463,134,1170,86,0.0,511.6961000000005,-511.6961000000005
12623.0,185,7,3747.84,21.663815028901734,173,1971,112,0.0,511.6657500000001,-511.6657500000001
16723.0,0,4,1231.36,9.93032258064516,124,958,108,0.0,509.83055000000024,-509.83055000000024
14741.0,22,5,1177.71,22.220943396226417,53,723,38,535.38,507.24566500000003,28.134334999999965
16209.0,28,8,4001.06,64.53322580645161,62,1819,49,145.71999999999997,505.97144999999983,-360.25144999999986
17262.0,135,10,2190.76,128.86823529411765,17,595,10,298.0,497.7603999999999,-199.7603999999999
13819.0,210,6,2642.35,26.161881188118812,101,2309,47,0.0,491.83395000000013,-491.83395000000013
17268.0,16,11,1733.8899999999999,57.79633333333333,30,1395,26,0.0,490.4182,-490.4182
15386.0,95,1,394.14,12.714193548387096,31,446,31,0.0,486.32599999999996,-486.32599999999996
12511.0,337,1,3084.02,16.231684210526314,190,1753,190,0.0,485.8920500000001,-485.8920500000001
14878.0,82,22,3683.4300000000003,11.229969512195122,328,2244,150,393.07,485.3561499999999,-92.2861499999999
13300.0,78,3,1285.51,23.37290909090909,55,455,44,0.0,484.37879999999956,-484.37879999999956
14903.0,33,4,2398.62,8.271103448275861,290,1330,195,396.71,482.5052000000001,-85.79520000000014
14410.0,1,11,2631.9,6.8361038961038965,385,1369,307,0.0,481.98159999999996,-481.98159999999996
14987.0,274,7,1387.4499999999998,106.72692307692306,13,543,4,163.2,479.6562000000001,-316.45620000000014
13784.0,3,12,2571.59,65.93820512820513,39,2599,13,338.64,471.6589499999993,-133.01894999999934
12701.0,151,5,1985.78,17.267652173913042,115,1295,92,460.63,471.5526999999999,-10.922699999999907
16706.0,7,2,411.55,3.9572115384615385,104,220,98,119.8,470.1109500000003,-350.3109500000003
16642.0,116,2,696.85,19.91,35,427,33,380.6,469.1710000000003,-88.57100000000025
12597.0,91,2,1428.81,18.318076923076923,78,675,72,2382.41,468.77219999999943,1913.6378000000004
13205.0,351,1,2803.2,2803.2,1,256,1,0.0,467.88800499999985,-467.88800499999985
17211.0,89,11,2921.02,10.66065693430657,274,1611,176,852.33,467.8544499999999,384.47555000000017
16987.0,78,7,1534.05,8.766,175,373,124,987.35,465.3737000000003,521.9762999999997
12426.0,103,2,1345.21,17.470259740259742,77,584,73,0.0,462.7201499999997,-462.7201499999997
13919.0,30,3,1189.02,18.292615384615384,65,997,59,171.66,461.44420000000014,-289.78420000000017
16494.0,205,1,826.53,16.5306,50,675,47,0.0,459.8310999999999,-459.8310999999999
14937.0,39,1,759.56,58.427692307692304,13,172,13,862.32,459.68025000000046,402.6397499999996
12775.0,98,6,1464.76,21.862089552238807,67,946,45,221.36,459.0477650000001,-237.68776500000007
15092.0,124,3,776.46,17.25466666666667,45,230,39,0.0,458.91659999999996,-458.91659999999996
17282.0,39,5,2308.54,11.316372549019608,204,2332,168,0.0,455.6482000000006,-455.6482000000006
12838.0,282,9,2694.75,9.134745762711864,295,1479,177,281.16,454.7674999999995,-173.60749999999945
14321.0,25,5,1587.96,11.85044776119403,134,2385,129,630.1,452.76705000000044,177.33294999999958
17041.0,17,5,1334.6,12.957281553398058,103,915,80,320.59999999999997,451.6225,-131.02250000000004
15443.0,18,9,2585.44,7.906544342507646,327,1407,263,2528.79,451.1882500000001,2077.60175
16467.0,417,7,2869.16,119.54833333333333,24,7384,14,0.0,450.7243499999999,-450.7243499999999
14842.0,4,3,1901.52,21.128,90,711,86,923.17,448.7623999999997,474.4076000000003
13958.0,288,8,4709.2300000000005,20.745506607929517,227,2264,172,0.0,444.55,-444.55
12684.0,79,4,1379.48,23.784137931034483,58,1274,37,904.15,443.4990050000002,460.6509949999998
16589.0,15,3,367.8,14.146153846153847,26,324,22,244.56,438.04275,-193.48275
14306.0,287,4,1058.0800000000002,81.39076923076924,13,990,12,2093.32,437.66469999999987,1655.6553000000004
17552.0,280,10,2154.88,20.139065420560748,107,1376,64,631.89,437.0896000000001,194.8003999999999
18027.0,7,1,115.31,5.490952380952381,21,78,21,0.0,437.06114999999977,-437.06114999999977
12543.0,357,1,980.25,22.796511627906977,43,688,43,0.0,436.55244999999945,-436.55244999999945
17351.0,77,11,1828.38,29.97344262295082,61,362,41,159.85,435.0987500000002,-275.2487500000002
15976.0,74,6,1694.4099999999999,4.482566137566137,378,1053,265,0.0,434.52124999999995,-434.52124999999995
17345.0,2,9,1348.12,8.425749999999999,160,1844,140,238.51,434.495,-195.985
15813.0,116,2,1303.9099999999999,32.59775,40,603,40,0.0,433.975775,-433.975775
13542.0,285,17,3959.4900000000002,11.962205438066466,331,804,98,0.0,433.47090000000003,-433.47090000000003
15571.0,295,10,3241.92,5.970386740331492,543,2147,410,650.4300000000001,431.8038499999998,218.62615000000028
12363.0,18,2,552.0,24.0,23,408,23,0.0,429.9726999999998,-429.9726999999998
15248.0,320,3,1893.93,17.867264150943395,106,1065,103,0.0,429.1782999999998,-429.1782999999998
17703.0,18,3,787.06,13.34,59,683,51,307.78000000000003,428.2817999999996,-120.50179999999955
15506.0,47,4,1267.02,7.725731707317073,164,939,114,763.31,427.56089999999995,335.7491
18259.0,275,5,1979.6000000000001,39.592000000000006,50,676,36,1962.3000000000002,425.00329999999997,1537.2967000000003
12576.0,4,7,1763.44,15.202068965517242,116,1192,97,379.28,423.95675000000006,-44.676750000000084
14921.0,110,1,903.01,17.037924528301886,53,631,53,413.06,422.7745000000001,-9.7145000000001
13461.0,47,5,3599.2,69.21538461538461,52,2798,29,560.8,418.9794999999998,141.82050000000015
14552.0,60,3,507.93,3.298246753246753,154,258,124,0.0,414.85940000000033,-414.85940000000033
13492.0,45,3,1269.8400000000001,25.396800000000002,50,408,38,0.0,413.1861499999998,-413.1861499999998
17173.0,25,2,961.26,38.4504,25,238,13,2805.34,413.13890000000026,2392.2010999999998
16470.0,24,10,2203.21,5.521829573934837,399,1171,254,213.64,412.89174999999955,-199.25174999999956
12821.0,123,2,220.8,16.984615384615385,13,162,13,0.0,411.8542000000003,-411.8542000000003
15332.0,275,6,4892.68,31.770649350649354,154,2306,113,0.0,411.3190500000001,-411.3190500000001
13804.0,5,6,2098.7400000000002,17.636470588235294,119,1258,107,1062.38,410.3823999999999,651.9976000000001
13016.0,32,1,425.25,15.1875,28,315,28,364.64,409.94009999999986,-45.30009999999987
16816.0,12,4,417.06,14.895,28,274,28,0.0,408.8669000000001,-408.8669000000001
14055.0,15,3,1520.96,46.08969696969697,33,720,33,0.0,408.3187000000001,-408.3187000000001
16618.0,119,4,1441.29,26.690555555555555,54,771,44,1206.3,406.50356999999997,799.79643
16431.0,122,3,623.28,8.201052631578946,76,442,51,0.0,405.8901500000001,-405.8901500000001
13984.0,35,11,1792.6200000000001,21.340714285714288,84,1269,50,101.18,405.18474999999967,-304.00474999999966
12463.0,84,3,985.79,16.16049180327869,61,577,51,358.99,403.5070999999999,-44.517099999999914
14229.0,200,6,1808.97,31.189137931034484,58,627,37,785.0699999999999,400.90174999999994,384.16825
16065.0,274,8,1992.13,5.643427762039661,353,1207,214,0.0,400.2642999999995,-400.2642999999995
17354.0,337,3,1740.9,20.481176470588235,85,1525,73,1393.06,400.2221500000001,992.8378499999999
14304.0,131,3,1725.01,19.602386363636363,88,775,69,0.0,399.26125000000013,-399.26125000000013
15743.0,22,2,434.05,12.766176470588235,34,119,31,341.91,398.52059999999983,-56.610599999999806
13211.0,3,9,2307.9900000000002,12.083717277486912,191,1590,96,310.78,397.95004999999975,-87.17004999999978
14293.0,56,8,2595.86,26.488367346938777,98,1276,78,307.15000000000003,396.08950000000027,-88.93950000000024
15660.0,44,12,1887.17,16.70061946902655,113,1311,57,716.52,395.43584999999985,321.08415000000014
16942.0,45,7,1439.44,7.41979381443299,194,593,115,465.55,394.17600000000033,71.37399999999968
15910.0,7,12,2095.65,4.0378612716763005,519,1655,343,565.52,393.62525,171.89475
16266.0,24,13,1657.18,16.91,98,746,67,100.77,392.9699499999999,-292.19994999999994
12975.0,345,6,2100.09,18.750803571428573,112,911,92,0.0,392.9584499999996,-392.9584499999996
15058.0,33,12,2519.8,10.119678714859438,249,1198,169,867.78,392.2914500000001,475.48854999999986
16050.0,82,3,300.7,14.319047619047618,21,388,19,0.0,390.4484499999997,-390.4484499999997
13507.0,7,3,2022.79,15.803046875,128,1212,123,456.37,390.22445,66.14555000000001
15201.0,35,6,1539.67,18.550240963855423,83,1364,38,303.28,389.9653650000001,-86.6853650000001
15629.0,359,4,2240.9,29.102597402597404,77,1518,39,0.0,389.8995499999998,-389.8995499999998
15638.0,287,6,2265.2,90.60799999999999,25,1134,20,0.0,387.8647999999997,-387.8647999999997
18244.0,339,2,568.64,29.928421052631577,19,856,19,0.0,387.63154999999983,-387.63154999999983
13031.0,316,5,3292.84,8.090515970515971,407,2309,275,0.0,386.6382000000001,-386.6382000000001
12492.0,14,2,578.39,18.65774193548387,31,321,30,136.82,381.1042000000001,-244.2842000000001
17888.0,70,21,1388.44,10.680307692307693,130,1101,117,419.0,380.9091500000002,38.09084999999982
17694.0,50,3,1695.97,20.937901234567903,81,1493,54,0.0,380.22,-380.22
18149.0,124,6,1491.56,16.759101123595507,89,839,54,62.400000000000006,379.81630499999955,-317.4163049999995
17183.0,14,1,329.67,36.63,9,141,9,3017.6400000000003,379.49969999999996,2638.1403000000005
13762.0,127,5,2472.48,70.64228571428572,35,2608,23,0.0,378.99699999999996,-378.99699999999996
12710.0,5,3,1149.02,14.922337662337663,77,851,75,0.0,378.8171000000004,-378.8171000000004
13441.0,0,2,720.9,18.971052631578946,38,520,33,0.0,378.13109999999995,-378.13109999999995
12970.0,231,8,1071.93,4.785401785714286,224,694,181,381.67,378.02165,3.6483499999999935
15815.0,49,4,1874.7,46.8675,40,1514,24,225.9,377.0951050000001,-151.1951050000001
17990.0,145,6,1527.6100000000001,26.800175438596494,57,777,40,0.0,375.98684999999983,-375.98684999999983
16245.0,30,2,769.7,15.0921568627451,51,430,49,643.96,375.1986,268.76140000000004
13214.0,326,7,3264.23,14.254279475982532,229,2966,207,0.0,369.3352499999998,-369.3352499999998
15057.0,184,5,3255.96,46.513714285714286,70,1394,62,0.0,368.66665,-368.66665
14590.0,333,20,2993.37,14.818663366336633,202,901,124,0.0,368.34405000000004,-368.34405000000004
13410.0,96,7,1743.94,47.13351351351351,37,1026,21,458.02,368.23772,89.78227999999996
14196.0,15,1,335.52,55.919999999999995,6,142,6,0.0,367.37530000000004,-367.37530000000004
18177.0,66,8,1912.72,22.50258823529412,85,1072,58,303.6,367.228,-63.627999999999986
12680.0,22,1,311.78,15.588999999999999,20,230,20,569.03,367.2252000000002,201.80479999999977
17152.0,103,4,2016.5,126.03125,16,577,9,0.0,366.8544000000004,-366.8544000000004
14708.0,62,4,1368.03,50.66777777777778,27,948,14,425.19,365.54235000000057,59.64764999999943
14127.0,31,6,1900.0800000000002,16.240000000000002,117,828,96,0.0,364.9135,-364.9135
13055.0,122,2,1451.56,14.5156,100,1179,99,869.55,364.6524999999997,504.89750000000026
17562.0,18,4,661.1,16.12439024390244,41,601,35,461.28000000000003,364.15895000000006,97.12104999999997
16099.0,46,6,1433.4,23.11935483870968,62,888,41,139.8,363.9248050000002,-224.1248050000002
14573.0,88,13,2163.12,6.977806451612903,310,683,183,0.0,363.40834999999987,-363.40834999999987
12358.0,59,4,3203.87,45.769571428571425,70,931,56,683.2,362.9543,320.24570000000006
17120.0,142,1,307.46,17.08111111111111,18,120,18,0.0,362.77450000000005,-362.77450000000005
17649.0,47,3,1578.89,16.111122448979593,98,723,88,0.0,360.7767999999999,-360.7767999999999
15116.0,43,2,790.97,34.39,23,255,20,561.78,360.5817000000001,201.19829999999985
13179.0,527,1,572.3100000000001,16.832647058823532,34,368,34,0.0,358.3397499999999,-358.3397499999999
13189.0,24,1,127.0,7.055555555555555,18,526,18,133.68,355.18954999999994,-221.50954999999993
16854.0,325,2,1408.96,18.786133333333336,75,997,72,0.0,355.15190000000007,-355.15190000000007
16474.0,54,1,341.35,3.6313829787234044,94,193,82,1469.3,355.02055000000007,1114.27945
12571.0,30,1,248.35,17.739285714285714,14,197,14,271.26,352.0165500000001,-80.75655000000012
15472.0,22,1,371.56,4.888947368421053,76,251,76,0.0,349.18570000000005,-349.18570000000005
13695.0,7,13,2033.67,29.05242857142857,70,1362,36,737.0600000000001,348.394,388.66600000000005
13376.0,7,3,1019.76,19.240754716981133,53,493,45,0.0,344.8500500000001,-344.8500500000001
17919.0,347,1,536.28,31.545882352941174,17,696,17,1304.04,344.11848000000015,959.9215199999999
14275.0,304,6,1189.3799999999999,51.71217391304347,23,538,14,0.0,343.1682000000001,-343.1682000000001
18167.0,14,1,498.48,38.34461538461539,13,122,13,886.3800000000001,343.1462,543.2338000000001
16043.0,120,7,1759.0900000000001,27.06292307692308,65,850,48,97.5,342.53320499999995,-245.03320499999995
15333.0,117,1,1028.56,64.285,16,344,16,0.0,341.60030000000023,-341.60030000000023
15582.0,9,2,541.51,15.041944444444445,36,407,33,141.4,340.30624999999986,-198.90624999999986
13951.0,84,3,674.45,17.293589743589745,39,459,38,0.0,338.78565,-338.78565
16434.0,5,9,2060.73,16.226220472440946,127,992,90,612.96,337.3500499999999,275.60995000000014
18051.0,543,7,2282.28,41.496,55,1661,41,0.0,336.14005000000003,-336.14005000000003
18188.0,199,4,1706.15,21.87371794871795,78,884,65,1574.44,335.75565,1238.68435
12828.0,7,3,415.51,16.6204,25,157,23,603.2,335.59779999999984,267.6022000000002
14899.0,304,1,1331.38,10.32077519379845,129,570,126,0.0,335.221,-335.221
13610.0,19,12,1786.14,5.162254335260116,346,745,287,317.57,334.8695499999997,-17.299549999999726
16383.0,177,6,2562.39,7.218,355,1427,219,334.3,332.6183999999997,1.6816000000002873
17905.0,65,12,1997.62,13.776689655172413,145,1174,128,181.25,332.56554999999986,-151.31554999999986
16756.0,123,7,1312.3700000000001,16.61227848101266,79,707,64,0.0,326.92475500000006,-326.92475500000006
12885.0,32,1,645.35,16.547435897435896,39,346,39,529.87,326.64529999999996,203.22470000000004
12733.0,142,4,2424.87,15.445031847133757,157,896,117,0.0,325.7058,-325.7058
15143.0,134,2,563.63,18.181612903225805,31,320,27,0.0,325.3872499999996,-325.3872499999996
12432.0,79,3,4016.66,52.85078947368421,76,1427,75,1042.66,325.2661500000001,717.3938499999999
16739.0,85,2,786.43,20.695526315789472,38,391,33,0.0,324.47670000000005,-324.47670000000005
14636.0,177,1,300.19,18.761875,16,117,16,309.66,322.7154000000003,-13.055400000000247
16419.0,21,8,1463.7,16.263333333333335,90,701,62,0.0,320.85174999999987,-320.85174999999987
13899.0,183,1,298.5,19.9,15,122,15,90.02,320.7307000000002,-230.7107000000002
13591.0,113,6,1753.04,21.642469135802468,81,628,71,340.9,318.60635000000013,22.293649999999843
13725.0,77,7,1865.7,19.638947368421054,95,724,86,114.86,317.7012499999999,-202.8412499999999
16377.0,176,2,1308.48,130.848,10,2928,6,0.0,315.5376000000001,-315.5376000000001
14634.0,346,4,2124.46,19.49045871559633,109,1906,105,0.0,314.89564999999976,-314.89564999999976
13145.0,0,6,1009.72,126.215,8,241,5,118.80000000000001,313.5990499999999,-194.7990499999999
16037.0,178,5,1509.3400000000001,21.25830985915493,71,766,62,0.0,313.3965999999998,-313.3965999999998
13589.0,88,5,888.09,22.20225,40,207,36,232.65,312.36200000000025,-79.71200000000024
15033.0,18,6,1608.95,5.829528985507246,276,903,203,948.23,312.3515999999999,635.8784
12436.0,8,1,509.01000000000005,31.813125000000003,16,211,16,0.0,311.3954000000001,-311.3954000000001
14188.0,18,4,1383.46,32.173488372093026,43,783,25,670.9,310.9357250000001,359.9642749999999
17707.0,94,8,609.3000000000001,25.387500000000003,24,546,9,0.0,310.8927499999994,-310.8927499999994
16217.0,144,2,304.25,20.283333333333335,15,91,13,0.0,309.3587500000001,-309.3587500000001
13167.0,39,3,751.37,14.449423076923077,52,669,46,373.78,307.1927000000003,66.58729999999969
16572.0,35,3,1009.6,17.712280701754388,57,532,40,0.0,306.8417500000002,-306.8417500000002
16125.0,276,14,4292.35,14.955923344947736,287,1819,168,0.0,305.85244999999986,-305.85244999999986
15140.0,24,6,2617.55,29.410674157303372,89,1704,82,626.14,305.51334999999983,320.62665000000015
14463.0,7,4,786.5699999999999,98.32124999999999,8,210,7,0.0,305.19545,-305.19545
15996.0,25,6,1233.58,7.95858064516129,155,599,128,152.82,304.6979999999998,-151.87799999999982
16905.0,145,13,2491.35,14.07542372881356,177,792,106,2215.42,303.0338500000001,1912.38615
17637.0,24,1,338.95,14.122916666666667,24,215,24,208.11,302.2961999999998,-94.18619999999981
14242.0,143,2,280.55,17.534375,16,123,13,0.0,301.7071,-301.7071
14984.0,89,5,1160.37,37.431290322580644,31,310,27,100.14,300.6042600000002,-200.4642600000002
16418.0,1,4,765.98,6.839107142857143,112,458,94,262.76,300.2351,-37.4751
14823.0,89,3,321.43,4.591857142857143,70,88,56,0.0,299.3847999999998,-299.3847999999998
14622.0,93,1,320.58000000000004,15.265714285714287,21,146,21,0.0,299.22579999999994,-299.22579999999994
14585.0,291,4,986.22,12.027073170731708,82,539,64,157.05,298.2642999999999,-141.21429999999987
14715.0,3,7,1552.82,13.502782608695652,115,806,87,272.63,298.1108999999998,-25.480899999999792
12354.0,141,1,1079.4,18.610344827586207,58,530,58,0.0,297.68769999999995,-297.68769999999995
17033.0,122,3,910.75,35.02884615384615,26,311,22,422.03999999999996,296.4517000000001,125.58829999999989
13601.0,119,3,839.87,6.561484375,128,684,114,320.12,295.7829499999999,24.33705000000009
17787.0,61,4,1817.54,14.19953125,128,896,94,0.0,295.57965000000024,-295.57965000000024
16838.0,106,4,1159.61,19.654406779661016,59,509,53,0.0,294.7153550000001,-294.7153550000001
13154.0,307,3,1624.84,17.471397849462363,93,976,78,0.0,294.1894000000001,-294.1894000000001
13966.0,344,1,384.26,18.298095238095236,21,760,21,0.0,293.9742500000001,-293.9742500000001
17731.0,37,5,1432.62,17.686666666666664,81,564,66,276.37,293.9716999999999,-17.60169999999988
14096.0,0,3,244.68,4.147118644067796,59,97,56,64920.11,289.49825,64630.611750000004
15105.0,43,3,1328.96,19.260289855072465,69,810,67,1765.95,288.9675,1476.9825
16949.0,94,4,893.75,27.9296875,32,386,32,392.52,288.67056,103.84943999999996
12370.0,183,6,3577.28,20.67791907514451,173,2224,150,739.28,286.81345,452.46655
17027.0,88,7,1078.3,7.001948051948052,154,513,111,232.33,285.9492999999998,-53.61929999999981
15614.0,346,4,3147.36,38.8562962962963,81,1632,73,0.0,283.2801999999999,-283.2801999999999
15663.0,15,1,138.14,15.348888888888887,9,106,9,0.0,283.23500000000035,-283.23500000000035
13686.0,91,3,409.04,12.030588235294118,34,378,27,0.0,283.07119999999975,-283.07119999999975
14938.0,471,2,2322.43,32.710281690140846,71,1369,71,0.0,282.6533000000001,-282.6533000000001
16967.0,98,1,319.02,15.19142857142857,21,333,21,0.0,282.30374999999987,-282.30374999999987
13544.0,149,5,627.15,3.1047029702970295,202,282,186,163.05,281.6766,-118.6266
14305.0,22,2,1048.45,16.642063492063492,63,582,62,810.51,281.47410000000013,529.0358999999999
16775.0,31,13,2303.88,11.293529411764707,204,801,114,516.96,280.9966999999999,235.96330000000012
16202.0,269,9,2501.9900000000002,20.17733870967742,124,1307,105,0.0,279.77605000000005,-279.77605000000005
15368.0,303,1,275.8,68.95,4,176,4,446.94000000000005,276.4760999999998,170.46390000000025
13238.0,72,4,624.75,19.5234375,32,281,19,381.88,276.44329999999997,105.43670000000003
16173.0,0,2,635.05,16.28333333333333,39,242,39,783.27,276.41065000000003,506.85934999999995
17021.0,350,6,1182.22,24.629583333333333,48,992,35,0.0,275.27076,-275.27076
17236.0,88,11,1710.86,13.578253968253968,126,730,97,218.4,275.1947,-56.794700000000006
12514.0,175,2,1597.76,19.02095238095238,84,840,76,0.0,275.1370500000001,-275.1370500000001
15390.0,305,2,1216.66,15.800779220779221,77,894,77,0.0,274.38325,-274.38325
17764.0,119,4,971.6899999999999,10.228315789473683,95,436,76,541.88,274.0240000000001,267.8559999999999
16091.0,63,2,315.06,17.503333333333334,18,154,16,0.0,273.6725499999999,-273.6725499999999
16637.0,32,2,530.5500000000001,16.579687500000002,32,351,29,623.92,272.74475,351.17524999999995
13624.0,297,1,462.08,21.003636363636364,22,820,22,0.0,271.1378500000002,-271.1378500000002
16226.0,112,5,672.17,21.68290322580645,31,521,23,0.0,270.7948049999996,-270.7948049999996
15279.0,263,5,1580.54,16.814255319148934,94,802,74,0.0,269.1660499999999,-269.1660499999999
17269.0,294,1,491.81,3.93448,125,314,110,0.0,268.6814500000001,-268.6814500000001
16501.0,292,1,1191.23,5.98608040201005,199,628,181,0.0,268.0146999999998,-268.0146999999998
15190.0,343,1,834.4399999999999,20.860999999999997,40,790,40,0.0,266.8088000000002,-266.8088000000002
13388.0,40,3,1185.65,17.183333333333334,69,701,68,0.0,265.4757,-265.4757
15252.0,92,4,1663.18,18.89977272727273,88,1007,82,440.23,264.48165000000006,175.74834999999996
13196.0,171,4,1783.19,15.921339285714286,112,1102,89,1285.65,263.30219999999974,1022.3478000000003
13873.0,28,8,1038.92,17.315333333333335,60,472,55,0.0,259.3177500000004,-259.3177500000004
16951.0,43,3,1277.75,14.857558139534884,86,1318,73,0.0,259.27154999999993,-259.27154999999993
14375.0,94,3,1106.82,5.399121951219512,205,647,176,0.0,259.04764999999975,-259.04764999999975
15135.0,147,2,305.68,15.284,20,84,17,0.0,257.56450000000007,-257.56450000000007
14186.0,336,5,1550.63,14.909903846153847,104,1550,75,0.0,257.2976499999999,-257.2976499999999
14396.0,280,6,1591.74,7.579714285714286,210,773,167,377.64,256.92259999999993,120.71740000000005
12994.0,28,2,645.47,15.743170731707318,41,303,38,328.95,255.2995,73.6505
17639.0,185,6,615.17,7.7869620253164555,79,576,59,0.0,253.83440000000007,-253.83440000000007
13525.0,157,1,282.88,141.44,2,208,2,345.9,252.60365,93.29634999999999
17244.0,292,4,871.14,9.78808988764045,89,803,85,954.9,250.60770000000005,704.2923
17770.0,107,5,1143.27,30.086052631578948,38,365,33,0.0,250.18378000000016,-250.18378000000016
16017.0,326,4,1333.7,13.609183673469389,98,533,81,211.88,250.11109999999994,-38.23109999999994
17714.0,229,5,1410.18,17.40962962962963,81,608,69,0.0,249.40429999999992,-249.40429999999992
12520.0,51,4,2045.85,16.90785123966942,121,1099,104,588.41,249.23845000000006,339.1715499999999
18252.0,80,6,1085.32,25.24,43,716,38,448.37,248.76759999999996,199.60240000000005
15648.0,113,2,639.5,26.645833333333332,24,218,23,0.0,248.66860499999999,-248.66860499999999
16837.0,66,9,1911.74,21.241555555555557,90,727,77,1259.24,248.2547500000001,1010.98525
14853.0,120,4,1115.57,44.6228,25,297,21,261.29999999999995,246.7061500000002,14.593849999999748
17715.0,109,2,489.59999999999997,244.79999999999998,2,576,1,0.0,246.5454499999999,-246.5454499999999
17058.0,108,2,819.66,16.727755102040817,49,455,42,360.23,246.3015500000001,113.92844999999991
17777.0,9,1,189.79999999999998,2.92,65,161,63,457.76,246.00054999999998,211.75945000000002
17544.0,299,3,944.82,10.736590909090909,88,410,80,0.0,245.7115499999999,-245.7115499999999
16567.0,103,2,865.6,24.731428571428573,35,996,34,0.0,245.1618649999999,-245.1618649999999
16109.0,127,3,939.48,30.305806451612902,31,1092,30,0.0,244.64184999999995,-244.64184999999995
13833.0,68,2,700.41,15.91840909090909,44,243,43,0.0,244.20234999999994,-244.20234999999994
14167.0,73,7,1101.55,10.591826923076923,104,296,45,172.74,241.9647500000001,-69.22475000000009
16714.0,127,4,1497.33,13.612090909090908,110,828,95,0.0,241.6156999999998,-241.6156999999998
13152.0,326,7,2146.38,15.899111111111113,135,977,114,0.0,240.73305,-240.73305
18025.0,288,6,1177.72,10.515357142857143,112,1053,83,0.0,239.95040499999985,-239.95040499999985
12689.0,36,1,511.03,15.030294117647058,34,281,34,736.58,239.05840000000003,497.52160000000003
17899.0,68,1,154.55,4.985483870967743,31,170,29,0.0,237.6002499999999,-237.6002499999999
16362.0,0,4,572.82,11.015769230769232,52,272,44,349.34000000000003,235.79745000000017,113.54254999999986
15452.0,173,4,1493.63,8.117554347826088,184,941,148,291.48,234.70054999999985,56.77945000000017
13059.0,158,10,2291.77,11.574595959595959,198,860,155,0.0,234.6153,-234.6153
15411.0,33,2,382.21000000000004,17.37318181818182,22,155,22,966.72,232.6778000000001,734.0421999999999
12750.0,37,1,275.88,18.392,15,137,15,0.0,231.60050000000012,-231.60050000000012
15012.0,282,2,429.78000000000003,3.551900826446281,121,242,107,216.48,228.9046000000001,-12.424600000000112
18161.0,49,4,955.67,19.5034693877551,49,540,34,847.4300000000001,227.22845000000004,620.20155
13355.0,31,1,674.7,21.084375,32,314,32,0.0,226.27669999999995,-226.27669999999995
14108.0,10,3,738.38,21.717058823529413,34,488,32,306.58,226.06520000000012,80.51479999999987
12421.0,23,5,920.12,16.430714285714284,56,575,38,178.48000000000002,224.38135000000017,-45.90135000000015
15542.0,421,3,855.71,3.7863274336283186,226,418,212,0.0,221.53235000000004,-221.53235000000004
14712.0,21,2,526.72,37.62285714285714,14,198,14,801.35,219.78920000000005,581.5608
15588.0,586,1,579.6,144.9,4,96,4,0.0,219.23524999999987,-219.23524999999987
15512.0,64,4,331.58,10.361875,32,235,29,0.0,218.0011999999998,-218.0011999999998
16085.0,145,9,1684.56,6.356830188679245,265,970,196,656.47,216.60100000000017,439.86899999999986
17913.0,264,13,3238.69,7.37742596810934,439,1537,213,190.6,214.69834999999992,-24.098349999999925
14619.0,154,2,1291.24,21.520666666666667,60,594,58,0.0,214.0858500000001,-214.0858500000001
13288.0,351,5,927.61,92.761,10,379,7,0.0,213.62953000000007,-213.62953000000007
14173.0,128,3,249.2,16.613333333333333,15,84,13,336.8,213.29209999999995,123.50790000000006
17871.0,113,5,1068.95,12.878915662650604,83,665,64,0.0,211.7221999999999,-211.7221999999999
13108.0,281,2,748.46,21.38457142857143,35,745,27,0.0,211.65345000000013,-211.65345000000013
14005.0,42,3,696.5600000000001,18.330526315789474,38,864,29,2178.16,211.6420549999999,1966.517945
16828.0,2,2,128.5,16.0625,8,59,8,0.0,210.96335,-210.96335
16426.0,1,4,689.83,8.732025316455697,79,414,64,1173.93,210.94325000000003,962.98675
12751.0,353,1,268.27,4.326935483870967,62,189,61,0.0,210.90959999999987,-210.90959999999987
12886.0,128,1,775.0,16.48936170212766,47,416,47,603.4,210.63569999999999,392.7643
13740.0,149,5,1582.77,16.837978723404255,94,987,83,0.0,209.16249999999997,-209.16249999999997
17407.0,320,1,552.9,24.039130434782606,23,426,23,0.0,206.85655000000003,-206.85655000000003
16648.0,364,2,382.14,21.23,18,222,18,290.65999999999997,206.77700000000002,83.88299999999995
14269.0,348,1,295.73,18.483125,16,123,16,0.0,206.27948,-206.27948
14972.0,37,2,145.07,7.2535,20,40,20,0.0,205.71900000000002,-205.71900000000002
16771.0,184,8,3358.7400000000002,10.208936170212766,329,1871,262,590.86,205.67305000000005,385.18694999999997
14094.0,348,1,311.77,7.250465116279069,43,158,41,0.0,204.90369999999993,-204.90369999999993
15436.0,142,1,484.1,3.8728000000000002,125,246,124,583.65,204.40350000000018,379.2464999999998
13550.0,292,1,342.55,8.155952380952382,42,430,40,0.0,202.69269999999997,-202.69269999999997
16734.0,23,2,302.41,9.4503125,32,108,27,344.35,201.5894499999999,142.7605500000001
13713.0,316,3,740.76,9.2595,80,284,70,0.0,201.19615000000002,-201.19615000000002
13060.0,162,1,307.53,20.502,15,123,15,0.0,200.60910000000004,-200.60910000000004
12847.0,296,1,765.36,21.867428571428572,35,624,34,843.64,200.13089999999997,643.5091
15772.0,327,1,280.88,17.555,16,110,16,0.0,200.06580000000002,-200.06580000000002
14738.0,42,7,1265.1000000000001,21.442372881355933,59,507,47,556.8000000000001,199.58805,357.21195000000006
13731.0,128,2,610.59,16.068157894736842,38,278,36,0.0,199.28589999999994,-199.28589999999994
15678.0,304,2,1473.24,18.4155,80,838,67,352.7,198.69590000000005,154.00409999999994
16574.0,332,2,850.34,14.661034482758621,58,586,58,451.44,198.33005,253.10995
14512.0,96,7,1215.97,15.392025316455696,79,736,55,0.0,196.46085499999987,-196.46085499999987
17110.0,74,3,499.9,10.20204081632653,49,136,38,0.0,196.15204999999995,-196.15204999999995
15907.0,85,2,477.59,4.381559633027523,109,237,93,405.13,195.21720000000002,209.91279999999998
16728.0,75,3,548.31,3.8613380281690137,142,320,113,499.96999999999997,194.69435000000016,305.2756499999998
15590.0,291,5,1496.6,17.20229885057471,87,832,75,0.0,194.65069999999997,-194.65069999999997
17350.0,302,3,612.381,8.388780821917807,73,408,65,1281.32,194.4914499999999,1086.82855
16469.0,155,3,446.78000000000003,5.0200000000000005,89,183,73,357.12,191.75060000000008,165.36939999999993
15242.0,331,1,302.04,75.51,4,196,4,0.0,191.6736,-191.6736
17312.0,47,3,644.3,46.021428571428565,14,372,11,0.0,190.87510000000003,-190.87510000000003
14725.0,303,3,597.16,11.267169811320754,53,747,41,655.58,190.3072999999999,465.2727000000001
15713.0,52,4,839.64,16.146923076923077,52,451,48,0.0,189.9347500000001,-189.9347500000001
15554.0,186,1,217.2,15.514285714285714,14,74,14,0.0,188.41215,-188.41215
13130.0,3,1,64.0,32.0,2,32,2,0.0,188.0878,-188.0878
12930.0,80,1,221.56,15.825714285714286,14,108,14,194.24,187.04429999999994,7.195700000000073
14538.0,165,4,1089.0900000000001,30.252500000000005,36,159,30,281.75,186.00275000000005,95.74724999999995
15018.0,161,2,291.34000000000003,17.137647058823532,17,94,17,204.87,184.22324999999998,20.646750000000026
17883.0,154,4,443.43,8.8686,50,150,46,544.99,183.95050000000015,361.03949999999986
17024.0,8,2,56.25,28.125,2,45,1,39.599999999999994,181.78559999999993,-142.18559999999994
15616.0,347,1,317.11,24.393076923076926,13,137,13,0.0,180.841845,-180.841845
16246.0,368,2,821.35,9.333522727272728,88,336,79,0.0,180.76190000000003,-180.76190000000003
12531.0,595,1,1807.98,16.43618181818182,110,1074,110,125.22,180.74954999999997,-55.52954999999997
16270.0,262,1,1141.24,21.134074074074075,54,688,54,0.0,180.23454999999998,-180.23454999999998
17321.0,303,4,1008.05,5.860755813953488,172,426,159,657.16,179.9389,477.2211
15219.0,84,2,685.45,26.36346153846154,26,271,26,0.0,179.56840000000014,-179.56840000000014
15918.0,99,3,582.88,9.555409836065573,61,240,49,0.0,179.15350000000007,-179.15350000000007
16338.0,66,1,214.8,19.527272727272727,11,94,11,0.0,178.3838499999999,-178.3838499999999
13397.0,19,9,2875.9300000000003,35.949125,80,1264,62,315.94,178.01745000000003,137.92254999999997
15666.0,380,2,632.9399999999999,9.44686567164179,67,469,62,0.0,176.67239999999998,-176.67239999999998
13264.0,351,1,722.5600000000001,19.014736842105265,38,375,38,0.0,175.83151500000008,-175.83151500000008
15145.0,135,2,724.03,17.659268292682928,41,438,35,470.7,175.35949999999997,295.3405
14662.0,143,6,1147.34,6.829404761904762,168,651,139,229.09,175.34335,53.74665000000002
15871.0,346,1,33.1,6.62,5,5,5,0.0,174.59560000000005,-174.59560000000005
17158.0,141,4,1411.58,16.606823529411763,85,830,61,568.42,174.27979999999997,394.1402
16857.0,351,1,352.8,32.07272727272727,11,168,11,0.0,173.19405500000002,-173.19405500000002
16354.0,288,3,723.66,7.164950495049505,101,442,87,395.8,172.56099999999992,223.2390000000001
14663.0,339,2,490.6,7.214705882352941,68,397,60,0.0,171.70869999999996,-171.70869999999996
17438.0,162,5,1422.77,20.03901408450704,71,553,49,0.0,171.49774999999997,-171.49774999999997
14966.0,296,5,881.24,7.6629565217391304,115,881,93,183.02,171.34304999999992,11.67695000000009
17141.0,327,4,727.58,4.491234567901235,162,423,138,0.0,170.9042999999999,-170.9042999999999
16306.0,122,7,1124.72,16.78686567164179,67,712,55,0.0,170.13835,-170.13835
17164.0,60,3,1270.42,16.49896103896104,77,802,53,1196.93,169.75764999999996,1027.17235
16417.0,401,1,35.7,35.7,1,6,1,0.0,169.53859999999995,-169.53859999999995
16032.0,364,6,1965.72,9.36057142857143,210,1467,130,0.0,169.51919999999996,-169.51919999999996
14839.0,327,3,915.28,12.368648648648648,74,927,61,0.0,169.45355000000004,-169.45355000000004
17759.0,78,4,609.07,9.984754098360657,61,345,56,652.8100000000001,165.52229999999997,487.2877000000001
14204.0,331,3,874.22,4.829944751381215,181,397,158,150.61,165.48185,-14.871849999999995
12450.0,65,5,688.2,18.6,37,442,31,0.0,165.36815000000007,-165.36815000000007
12879.0,0,1,140.5,35.125,4,58,4,432.71999999999997,164.93594999999993,267.78405000000004
17362.0,148,7,1024.04,7.1113888888888885,144,549,99,0.0,164.79829999999998,-164.79829999999998
13258.0,114,3,535.47,25.49857142857143,21,241,14,473.96,164.58545500000002,309.37454499999996
18203.0,66,4,492.52,8.34779661016949,59,111,40,0.0,163.65865000000008,-163.65865000000008
18282.0,35,1,100.21000000000001,14.315714285714288,7,75,7,77.84,163.25809999999998,-85.41809999999998
12494.0,70,7,1438.03,17.536951219512193,82,636,62,377.24,162.7906,214.4494
16141.0,326,1,335.54,16.777,20,172,20,620.4000000000001,162.08694999999997,458.3130500000001
16473.0,73,4,470.83,16.815357142857142,28,296,26,0.0,161.29155000000006,-161.29155000000006
12666.0,302,1,1248.42,40.27161290322581,31,370,31,0.0,161.24669999999995,-161.24669999999995
15695.0,175,4,1131.04,19.170169491525424,59,484,55,0.0,160.68834999999993,-160.68834999999993
16941.0,520,1,33.0,16.5,2,12,2,0.0,159.79509999999985,-159.79509999999985
18080.0,151,1,841.4999999999999,841.4999999999999,1,330,1,390.0,159.42355000000003,230.57644999999997
14143.0,42,1,115.8,16.54285714285714,7,30,7,0.0,156.62220000000005,-156.62220000000005
16269.0,346,1,717.57,13.539056603773586,53,579,53,0.0,154.62406000000001,-154.62406000000001
17492.0,157,3,1122.42,28.78,39,450,32,0.0,154.369005,-154.369005
18060.0,316,2,1185.46,15.806133333333333,75,902,74,0.0,154.3169,-154.3169
17062.0,222,6,889.75,7.353305785123967,121,644,82,0.0,153.91504999999992,-153.91504999999992
16916.0,281,3,536.04,4.54271186440678,118,320,100,365.98,153.78764999999999,212.19235000000003
13261.0,177,2,944.1,104.9,9,210,8,0.0,153.30300000000005,-153.30300000000005
13934.0,172,1,922.0999999999999,29.745161290322578,31,390,31,0.0,153.00525000000007,-153.00525000000007
12792.0,165,2,827.01,17.59595744680851,47,394,39,0.0,152.29905000000002,-152.29905000000002
13637.0,96,2,678.65,7.457692307692308,91,350,75,125.65,152.06475000000003,-26.414750000000026
12373.0,220,3,1127.65,22.110784313725492,51,516,36,0.0,151.79084999999992,-151.79084999999992
15573.0,527,3,597.23,5.238859649122807,114,415,104,591.1899999999999,151.33565000000002,439.85434999999995
16231.0,288,4,1074.47,10.7447,100,563,69,0.0,150.44739999999993,-150.44739999999993
17756.0,284,3,728.75,8.675595238095237,84,399,54,0.0,150.37399999999988,-150.37399999999988
17963.0,379,4,643.16,5.900550458715596,109,341,98,0.0,150.31250000000003,-150.31250000000003
15442.0,157,1,594.0,297.0,2,120,2,0.0,149.75405000000003,-149.75405000000003
12533.0,536,2,1367.89,18.998472222222222,72,704,63,0.0,149.2259500000001,-149.2259500000001
14157.0,194,4,822.98,10.828684210526315,76,436,68,155.71,148.44465000000008,7.265349999999927
14185.0,240,1,197.65,65.88333333333334,3,6,3,0.0,148.23185,-148.23185
12892.0,305,1,263.38,14.632222222222222,18,140,18,0.0,147.45135000000008,-147.45135000000008
14079.0,33,2,618.73,47.59461538461539,13,302,13,0.0,147.1074,-147.1074
16162.0,161,1,37.4,18.7,2,4,2,0.0,147.03135,-147.03135
14034.0,66,2,473.90999999999997,18.9564,25,307,23,174.98,147.02425000000002,27.955749999999966
12639.0,147,3,1312.3700000000001,20.505781250000002,64,631,58,0.0,146.9441499999999,-146.9441499999999
13295.0,268,4,1101.97,16.44731343283582,67,733,56,0.0,145.11454999999987,-145.11454999999987
16593.0,98,7,996.61,13.841805555555556,72,346,53,74.53,144.8364,-70.3064
15774.0,327,5,1017.54,11.971058823529411,85,378,69,270.8,144.679,126.12100000000001
17709.0,78,5,671.01,16.77525,40,295,37,0.0,144.3417999999999,-144.3417999999999
17198.0,274,2,521.66,6.774805194805195,77,242,73,170.56,143.99764999999988,26.562350000000123
13250.0,369,2,253.09,13.320526315789474,19,107,17,0.0,143.98660000000004,-143.98660000000004
17539.0,526,4,1176.84,8.1725,144,708,132,0.0,143.8275,-143.8275
14483.0,190,2,257.1,19.77692307692308,13,193,13,0.0,143.7239500000001,-143.7239500000001
17724.0,47,1,373.1,33.91818181818182,11,78,11,659.9,143.4329000000001,516.4670999999998
17951.0,267,3,741.5400000000001,43.620000000000005,17,384,15,599.0400000000001,143.2441500000001,455.79585
17140.0,156,1,454.12,25.22888888888889,18,296,16,0.0,142.92035500000003,-142.92035500000003
16367.0,271,2,716.9,5.514615384615384,130,547,119,633.58,142.78165000000007,490.79834999999997
13863.0,156,4,1239.55,17.707857142857144,70,553,59,0.0,141.8705499999999,-141.8705499999999
12958.0,308,2,467.34,9.537551020408163,49,118,45,0.0,141.66304999999994,-141.66304999999994
14838.0,332,2,769.92,10.998857142857142,70,361,69,0.0,141.44095,-141.44095
14986.0,285,2,563.1,5.745918367346939,98,338,87,0.0,141.42225000000005,-141.42225000000005
16962.0,318,1,251.04,16.736,15,158,15,0.0,141.30995,-141.30995
15503.0,271,2,257.3,2.1991452991452993,117,130,112,0.0,140.56854999999987,-140.56854999999987
16135.0,171,2,819.45,21.011538461538464,39,395,35,0.0,140.4951,-140.4951
16257.0,85,1,46.95,23.475,2,2,2,0.0,140.02215000000007,-140.02215000000007
15814.0,301,2,689.11,26.50423076923077,26,457,23,1945.33,139.87789999999995,1805.4521
16606.0,313,2,357.66,16.257272727272728,22,148,16,0.0,139.33044999999993,-139.33044999999993
17349.0,88,5,772.41,9.087176470588235,85,772,74,0.0,138.63935000000004,-138.63935000000004
14731.0,114,2,251.01999999999998,8.367333333333333,30,182,23,129.0,138.52275,-9.522750000000002
17783.0,156,2,205.9,3.812962962962963,54,137,54,171.06,138.22834999999992,32.83165000000008
14931.0,114,2,586.0,58.6,10,98,10,671.6800000000001,137.62625000000006,534.05375
17221.0,500,3,642.14,10.357096774193549,62,426,58,334.48,137.09535000000002,197.38465
16834.0,136,2,898.96,18.728333333333335,48,760,43,0.0,136.8833,-136.8833
14846.0,335,1,437.4,36.449999999999996,12,193,12,0.0,136.86513000000005,-136.86513000000005
14927.0,305,1,308.2,15.41,20,196,20,0.0,136.46700000000004,-136.46700000000004
15828.0,283,1,1108.82,14.984054054054052,74,367,74,0.0,135.92924999999997,-135.92924999999997
18191.0,170,2,529.4,35.29333333333333,15,332,15,0.0,135.42284999999995,-135.42284999999995
12690.0,114,1,389.01,24.313125,16,106,16,0.0,135.36625,-135.36625
13600.0,221,2,518.42,12.644390243902437,41,599,35,0.0,134.6423999999999,-134.6423999999999
17474.0,508,1,1047.0,174.5,6,200,6,0.0,134.63975000000002,-134.63975000000002
16034.0,104,6,911.3199999999999,16.273571428571426,56,585,43,0.0,134.49345000000002,-134.49345000000002
15879.0,312,4,1137.8,6.356424581005586,179,639,171,0.0,134.3556499999999,-134.3556499999999
13058.0,60,1,47.550000000000004,15.850000000000001,3,9,3,223.85000000000002,133.40220000000005,90.44779999999997
13088.0,326,1,236.11,11.8055,20,76,19,0.0,132.85745,-132.85745
14964.0,156,1,206.21,15.862307692307693,13,143,13,0.0,132.11334999999997,-132.11334999999997
17124.0,94,1,294.24,9.491612903225807,31,129,31,0.0,131.17794999999995,-131.17794999999995
15363.0,281,2,678.11,19.37457142857143,35,383,32,0.0,130.9137,-130.9137
17436.0,135,4,440.15999999999997,36.68,12,136,5,93.89999999999999,130.34120000000004,-36.44120000000005
13579.0,277,4,1072.0,16.0,67,588,62,302.34,130.23574999999988,172.1042500000001
12447.0,152,1,476.49,18.326538461538462,26,190,26,0.0,128.92255,-128.92255
15646.0,66,5,784.8100000000001,11.541323529411766,68,821,65,0.0,128.8292,-128.8292
12411.0,318,1,346.9,15.768181818181818,22,138,22,0.0,128.51069999999999,-128.51069999999999
13595.0,425,3,784.48,5.485874125874126,143,341,114,0.0,127.9693,-127.9693
17248.0,29,2,500.54,4.812884615384616,104,276,85,0.0,127.89804999999998,-127.89804999999998
17233.0,357,2,369.98,11.211515151515153,33,167,32,190.88,127.67699999999999,63.203
17536.0,86,3,364.83,22.801875,16,201,16,0.0,126.93199999999996,-126.93199999999996
15925.0,103,1,207.15,17.2625,12,93,12,0.0,126.29355000000011,-126.29355000000011
17200.0,296,4,356.71,14.2684,25,367,25,0.0,125.89314999999996,-125.89314999999996
12554.0,357,1,468.5,18.01923076923077,26,240,26,0.0,124.83150500000002,-124.83150500000002
17194.0,182,3,812.5,13.319672131147541,61,420,57,0.0,124.10895000000001,-124.10895000000001
13358.0,177,1,439.03,15.138965517241378,29,285,29,0.0,123.95700000000001,-123.95700000000001
16526.0,80,2,717.21,20.491714285714288,35,279,30,0.0,123.12950000000002,-123.12950000000002
14894.0,352,2,837.0600000000001,36.393913043478264,23,338,23,655.75,122.40366,533.34634
12396.0,583,1,931.43,14.329692307692307,65,591,65,0.0,121.88775000000001,-121.88775000000001
15703.0,173,1,211.5,42.3,5,66,5,0.0,121.58909999999997,-121.58909999999997
13490.0,563,1,154.25,19.28125,8,25,8,0.0,121.13755,-121.13755
13368.0,165,4,1121.5,21.567307692307693,52,606,45,0.0,120.42544999999998,-120.42544999999998
12547.0,106,3,383.58,18.265714285714285,21,309,13,0.0,120.41704999999995,-120.41704999999995
15091.0,583,2,565.9,20.95925925925926,27,236,27,480.71,119.93984999999999,360.77015
17329.0,224,4,718.78,8.26183908045977,87,355,73,279.75,118.76805,160.98194999999998
13547.0,317,1,167.07999999999998,3.797272727272727,44,79,44,0.0,118.68325,-118.68325
15626.0,238,2,673.6,13.207843137254903,51,684,50,393.92,118.52759999999998,275.39240000000007
15857.0,338,1,273.48,27.348000000000003,10,276,10,297.0,118.02820000000001,178.97179999999997
14202.0,289,3,847.76,29.233103448275862,29,166,27,0.0,117.76604999999998,-117.76604999999998
16658.0,277,6,690.83,10.79421875,64,277,49,0.0,117.26694999999992,-117.26694999999992
13290.0,346,1,208.63,208.63,1,1,1,0.0,117.11705500000005,-117.11705500000005
13622.0,605,1,658.95,20.5921875,32,379,32,0.0,116.25505000000001,-116.25505000000001
16965.0,135,1,201.19,7.738076923076923,26,291,26,0.0,116.1192,-116.1192
16787.0,306,4,1017.53,9.085089285714286,112,472,102,0.0,115.8823,-115.8823
17229.0,5,2,318.76,6.782127659574468,47,185,39,0.0,115.39420000000001,-115.39420000000001
13909.0,331,2,282.85,7.44342105263158,38,301,35,0.0,114.30200000000002,-114.30200000000002
15244.0,157,2,578.45,19.946551724137933,29,307,28,333.63,114.27075000000005,219.35924999999995
17680.0,292,2,313.05,34.78333333333333,9,59,9,184.4,114.26394999999995,70.13605000000005
15988.0,460,2,582.11,6.1926595744680855,94,296,93,156.78,113.85130000000001,42.92869999999999
15824.0,362,2,890.94,34.26692307692308,26,478,24,0.0,113.45734999999999,-113.45734999999999
15374.0,37,2,307.32,30.732,10,290,8,0.0,113.02840000000008,-113.02840000000008
18110.0,320,1,193.48000000000002,5.5280000000000005,35,97,29,198.8,112.81284999999991,85.9871500000001
14762.0,172,2,417.57,13.919,30,428,28,0.0,112.51705000000001,-112.51705000000001
13541.0,335,2,785.25,78.525,10,279,10,0.0,111.67557000000006,-111.67557000000006
12786.0,518,1,728.5,40.47222222222222,18,324,18,0.0,111.21037,-111.21037
14729.0,282,3,586.24,4.441212121212121,132,372,126,0.0,111.19785000000007,-111.19785000000007
14429.0,312,1,516.28,23.467272727272725,22,286,22,0.0,111.12335000000003,-111.12335000000003
17326.0,317,2,312.35,3.631976744186047,86,136,82,0.0,110.26629999999996,-110.26629999999996
13432.0,480,2,439.1,3.955855855855856,111,217,98,0.0,110.2518,-110.2518
17109.0,141,4,875.01,11.51328947368421,76,448,70,416.7,109.00730000000003,307.69269999999995
18131.0,540,1,222.95999999999998,55.739999999999995,4,552,4,0.0,108.37400000000004,-108.37400000000004
16988.0,288,1,256.55,19.734615384615385,13,115,13,126.12,108.21515000000007,17.90484999999994
15848.0,530,1,137.99,4.058529411764706,34,45,34,0.0,108.11534999999998,-108.11534999999998
15160.0,266,4,589.27,25.620434782608694,23,307,17,0.0,107.52205000000004,-107.52205000000004
17025.0,282,4,1152.8700000000001,34.93545454545455,33,789,28,196.8,106.86690000000003,89.93309999999998
16089.0,295,2,263.49,5.606170212765957,47,119,42,0.0,106.67089999999999,-106.67089999999999
16344.0,67,4,842.42,18.313478260869566,46,706,43,0.0,106.37649999999991,-106.37649999999991
18141.0,310,2,882.47,21.011190476190478,42,433,38,0.0,106.35554999999994,-106.35554999999994
15147.0,148,1,623.5,22.267857142857142,28,366,28,0.0,106.23804999999999,-106.23804999999999
15886.0,325,3,871.78,17.4356,50,520,47,181.09,106.22725,74.86275
13080.0,88,4,280.73,14.775263157894738,19,193,17,0.0,106.21889999999996,-106.21889999999996
16491.0,322,1,801.66,16.701249999999998,48,582,48,731.5,105.91505000000002,625.5849499999999
14036.0,193,1,626.65,16.49078947368421,38,268,38,0.0,105.76591499999996,-105.76591499999996
15911.0,532,8,1700.24,6.590077519379845,258,810,162,0.0,105.67859999999997,-105.67859999999997
13781.0,159,3,778.83,13.663684210526316,57,300,56,0.0,105.42565,-105.42565
14322.0,338,4,474.1,36.46923076923077,13,158,10,0.0,105.25966000000004,-105.25966000000004
17740.0,297,6,426.9,47.43333333333333,9,222,5,0.0,105.16599999999998,-105.16599999999998
16783.0,345,1,391.95,15.677999999999999,25,163,25,0.0,104.63875500000002,-104.63875500000002
16038.0,86,2,393.33,17.101304347826087,23,229,23,78.45,104.50709999999995,-26.05709999999995
14487.0,277,2,225.89000000000001,5.5095121951219515,41,86,32,1040.3799999999999,104.26185000000004,936.1181499999998
16386.0,162,2,826.6899999999999,13.333709677419353,62,521,55,241.47,104.24289999999998,137.2271
17964.0,281,1,261.76,7.478857142857143,35,195,35,201.45,103.32490000000007,98.12509999999992
17960.0,80,3,135.08,3.6508108108108113,37,60,37,0.0,102.97149999999998,-102.97149999999998
14122.0,315,3,362.42,27.87846153846154,13,114,12,0.0,101.46619999999996,-101.46619999999996
14877.0,327,2,425.85,6.7595238095238095,63,168,57,0.0,101.3275,-101.3275
12981.0,42,1,187.18,17.016363636363636,11,134,11,185.04,101.19599999999998,83.84400000000001
16921.0,351,2,255.03,7.7281818181818185,33,121,28,154.18,101.15555000000002,53.02444999999999
17076.0,182,5,735.87,18.86846153846154,39,331,27,506.88,100.85334999999998,406.02665
15377.0,291,4,1211.75,57.70238095238095,21,253,15,0.0,100.37990500000004,-100.37990500000004
15236.0,207,1,321.05,21.403333333333332,15,269,15,0.0,100.34740500000002,-100.34740500000002
13497.0,191,6,1166.83,20.117758620689653,58,525,52,0.0,100.33834999999999,-100.33834999999999
15999.0,644,1,20.4,20.4,1,24,1,0.0,99.81519999999992,-99.81519999999992
14595.0,222,3,587.65,15.067948717948717,39,326,30,1576.8,99.43074999999995,1477.36925
17111.0,334,1,227.97,11.99842105263158,19,299,19,231.61,98.44435,133.16565000000003
13537.0,334,2,717.85,17.09166666666667,42,337,38,0.0,97.91149999999999,-97.91149999999999
16448.0,106,2,361.12,7.2224,50,176,45,0.0,97.51794999999997,-97.51794999999997
15139.0,148,2,178.96,13.766153846153847,13,208,13,0.0,97.31505000000003,-97.31505000000003
18091.0,502,1,360.85,14.434000000000001,25,539,25,0.0,97.05940000000002,-97.05940000000002
13898.0,234,2,686.4,14.921739130434782,46,544,43,0.0,97.04690000000001,-97.04690000000001
17482.0,396,2,775.64,14.634716981132076,53,240,50,0.0,96.84335000000002,-96.84335000000002
14886.0,161,1,364.8,20.266666666666666,18,160,18,0.0,96.7453,-96.7453
14325.0,478,1,245.48000000000002,13.637777777777778,18,320,18,0.0,96.73904999999999,-96.73904999999999
17418.0,232,2,373.99,15.582916666666668,24,371,24,296.07,96.2862,199.78379999999999
18276.0,301,5,1320.66,16.50825,80,1060,69,335.86,95.86935000000003,239.99065
16412.0,302,4,457.2,4.969565217391304,92,225,72,135.99,95.73264999999996,40.257350000000045
12458.0,193,3,1272.01,19.569384615384614,65,750,58,505.48,95.72150000000002,409.7585
17371.0,270,4,329.11,5.06323076923077,65,169,62,326.26,95.47149999999996,230.78850000000003
13987.0,288,2,682.54,14.837826086956522,46,492,46,0.0,95.26125,-95.26125
15277.0,333,1,220.44,15.745714285714286,14,168,14,255.89999999999998,94.66654999999997,161.23345
17760.0,282,5,631.34,12.379215686274511,51,457,44,115.05,94.66070000000003,20.389299999999963
13703.0,227,2,425.56,11.501621621621622,37,128,36,0.0,94.60810000000004,-94.60810000000004
15643.0,100,3,664.0,20.12121212121212,33,246,31,0.0,93.67010000000002,-93.67010000000002
16876.0,312,1,136.01,4.2503125,32,181,32,0.0,93.45749999999998,-93.45749999999998
17367.0,147,1,167.55,5.077272727272728,33,149,33,0.0,93.3633,-93.3633
15331.0,408,3,767.91,17.4525,44,701,41,0.0,92.71870000000001,-92.71870000000001
16846.0,486,2,628.09,17.446944444444444,36,382,36,214.32,92.52295,121.79705
13255.0,282,2,504.95,26.576315789473682,19,340,19,173.81,92.48794999999997,81.32205000000003
18011.0,281,2,410.79,6.520476190476191,63,125,63,0.0,92.28624999999997,-92.28624999999997
16936.0,294,1,286.39,3.450481927710843,83,168,81,261.9,92.00029999999997,169.8997
14238.0,235,3,434.23,33.402307692307694,13,189,13,0.0,91.80630000000005,-91.80630000000005
13194.0,44,2,472.78,47.278,10,326,10,0.0,91.25424999999997,-91.25424999999997
16731.0,557,1,170.3,4.0547619047619055,42,124,40,0.0,90.11390000000003,-90.11390000000003
17477.0,521,2,1144.3,26.00681818181818,44,225,44,0.0,89.56264999999999,-89.56264999999999
16262.0,287,1,755.15,16.416304347826088,46,446,46,0.0,89.28595,-89.28595
13981.0,324,1,331.14,15.05181818181818,22,234,22,0.0,89.2307,-89.2307
18003.0,285,1,353.51,15.37,23,297,23,0.0,88.9743,-88.9743
12465.0,78,1,440.94,16.959230769230768,26,294,26,301.25,88.32685,212.92315000000002
12996.0,284,1,355.5,16.15909090909091,22,122,22,0.0,88.18314999999997,-88.18314999999997
17039.0,513,1,1954.99,44.43159090909091,44,689,44,0.0,87.55875000000003,-87.55875000000003
17907.0,549,1,291.76,22.443076923076923,13,1046,13,0.0,87.37599999999999,-87.37599999999999
13716.0,178,1,138.28,6.584761904761905,21,138,21,0.0,87.34160000000001,-87.34160000000001
14926.0,290,2,359.4,119.8,3,204,2,0.0,86.9227,-86.9227
16740.0,304,1,226.91,7.0909375,32,110,30,0.0,86.69515000000003,-86.69515000000003
12777.0,366,1,519.45,19.978846153846156,26,458,26,0.0,86.44294999999998,-86.44294999999998
15243.0,343,1,610.6,15.656410256410258,39,358,39,316.68,86.3655,230.3145
13286.0,509,1,734.91,14.998163265306122,49,274,46,0.0,85.66946,-85.66946
12903.0,337,1,833.53,20.33,41,493,41,0.0,85.21489999999999,-85.21489999999999
15460.0,262,1,214.26,3.8260714285714283,56,107,53,0.0,85.10615,-85.10615
17127.0,337,5,1155.03,31.217027027027026,37,340,27,0.0,85.02519999999998,-85.02519999999998
13415.0,381,4,784.17,7.764059405940594,101,496,85,0.0,84.91734999999998,-84.91734999999998
17775.0,163,1,56.4,18.8,3,72,3,0.0,83.62290000000002,-83.62290000000002
15337.0,320,1,373.02,17.762857142857143,21,200,21,0.0,82.31405000000001,-82.31405000000001
16074.0,299,1,252.5,10.1,25,38,23,0.0,82.16824999999999,-82.16824999999999
18134.0,507,2,445.0,15.892857142857142,28,128,27,0.0,82.11259999999999,-82.11259999999999
13773.0,305,2,301.54,15.870526315789474,19,174,19,0.0,81.74619999999999,-81.74619999999999
13602.0,290,3,596.28,17.036571428571428,35,271,29,428.89,81.13189999999997,347.7581
16323.0,105,2,353.66,88.415,4,146,4,0.0,80.85415,-80.85415
16410.0,643,1,130.32,26.064,5,348,5,0.0,80.16795000000006,-80.16795000000006
15459.0,326,2,202.82999999999998,28.975714285714282,7,121,6,0.0,80.11504999999997,-80.11504999999997
13030.0,277,1,402.36,7.058947368421053,57,174,50,350.08,79.45650000000002,270.6235
15266.0,247,5,852.21,18.938000000000002,45,236,38,0.0,78.89160000000001,-78.89160000000001
15884.0,340,2,244.60000000000002,17.47142857142857,14,152,14,0.0,78.63945000000002,-78.63945000000002
13345.0,196,1,389.5,19.475,20,141,20,0.0,78.38359999999997,-78.38359999999997
18101.0,52,4,509.84,6.217560975609755,82,185,72,112.17,78.25665000000001,33.913349999999994
14181.0,319,2,308.35,5.929807692307692,52,120,48,0.0,77.9347,-77.9347
12962.0,22,1,170.54000000000002,15.503636363636366,11,78,11,95.85000000000001,77.13329999999998,18.71670000000003
14620.0,114,2,412.78000000000003,15.876153846153848,26,214,26,0.0,76.80774999999998,-76.80774999999998
16284.0,302,1,205.8,6.86,30,139,30,812.68,76.8074,735.8725999999999
13393.0,492,4,1131.45,16.397826086956524,69,662,53,0.0,76.52154999999998,-76.52154999999998
12361.0,196,4,511.25,17.629310344827587,29,235,18,0.0,76.48740000000001,-76.48740000000001
18140.0,382,1,536.41,9.933518518518518,54,395,49,0.0,76.28305000000002,-76.28305000000002
14689.0,117,1,112.8,8.676923076923076,13,76,13,0.0,76.12810000000005,-76.12810000000005
12443.0,641,1,485.31,23.11,21,182,21,0.0,75.8867,-75.8867
14278.0,318,1,205.83,15.833076923076923,13,131,13,0.0,75.17244999999998,-75.17244999999998
17989.0,288,1,207.32999999999998,7.149310344827586,29,300,26,0.0,75.13185000000001,-75.13185000000001
14228.0,346,3,745.5,19.61842105263158,38,260,38,0.0,75.00609,-75.00609
17209.0,557,3,595.7,15.676315789473685,38,723,36,0.0,74.8672,-74.8672
16865.0,310,1,130.95,8.184375,16,157,15,0.0,74.36910000000003,-74.36910000000003
13972.0,110,1,145.9,16.211111111111112,9,42,9,44.349999999999994,72.88629999999995,-28.536299999999954
14454.0,285,5,977.3,8.884545454545455,110,400,93,0.0,72.60180000000003,-72.60180000000003
13245.0,341,1,558.72,19.266206896551726,29,246,29,430.5,71.68920499999999,358.810795
16193.0,145,2,630.4300000000001,16.59026315789474,38,379,38,0.0,71.5686,-71.5686
15519.0,292,2,344.61,9.313783783783784,37,116,34,0.0,71.35265,-71.35265
17411.0,170,3,932.02,18.6404,50,428,46,493.36,71.14285,422.21715
12636.0,647,1,141.0,141.0,1,1,1,0.0,70.57534999999999,-70.57534999999999
16776.0,324,1,220.97,4.017636363636363,55,181,48,371.54,70.53564999999999,301.00435000000004
16080.0,183,3,515.66,20.6264,25,236,24,86.9,70.42394999999999,16.476050000000015
16864.0,342,2,409.25,24.073529411764707,17,283,17,0.0,70.33656500000001,-70.33656500000001
15097.0,492,2,660.27,16.104146341463416,41,254,39,248.08,70.07645,178.00355000000002
16486.0,446,1,134.36,19.194285714285716,7,24,7,0.0,69.72369999999997,-69.72369999999997
16132.0,453,2,664.1999999999999,39.07058823529411,17,280,14,0.0,69.51051500000007,-69.51051500000007
14795.0,75,1,131.45000000000002,21.908333333333335,6,17,6,0.0,69.20029999999996,-69.20029999999996
12902.0,173,1,138.68,13.868,10,66,10,0.0,68.99825000000004,-68.99825000000004
14486.0,420,2,175.5,29.25,6,90,4,0.0,68.89145000000002,-68.89145000000002
12817.0,189,3,690.98,27.639200000000002,25,219,16,0.0,67.7426,-67.7426
13091.0,638,2,1976.0,82.33333333333333,24,873,24,345.82,67.5725,278.2475
14470.0,196,2,548.49,10.547884615384616,52,227,48,163.55,67.18485000000003,96.36514999999999
15775.0,154,2,150.5,16.72222222222222,9,260,9,0.0,67.15630000000003,-67.15630000000003
14052.0,299,1,241.3,3.7123076923076925,65,85,65,225.36,66.97135000000002,158.38864999999998
17489.0,121,1,208.56,13.035,16,232,16,168.07999999999998,66.78155000000001,101.29844999999997
14991.0,339,1,314.67,14.984285714285715,21,191,21,0.0,66.53825,-66.53825
17917.0,164,2,226.71,3.54234375,64,130,57,108.32,66.17460000000003,42.14539999999997
13034.0,278,2,279.91,15.550555555555556,18,153,16,476.91,65.69769999999997,411.2123
12979.0,638,1,517.7,9.244642857142859,56,520,56,0.0,65.08065,-65.08065
13559.0,421,2,990.0,495.0,2,360,1,0.0,64.66964999999999,-64.66964999999999
12807.0,292,1,330.35,20.646875,16,145,16,0.0,64.54445000000001,-64.54445000000001
12614.0,186,1,315.6,15.780000000000001,20,76,20,0.0,63.957950000000004,-63.957950000000004
13020.0,471,2,618.96,15.870769230769232,39,278,38,0.0,63.920999999999985,-63.920999999999985
15176.0,576,1,988.0400000000001,19.000769230769233,52,448,52,0.0,62.981749999999984,-62.981749999999984
12505.0,317,1,955.2,22.742857142857144,42,324,42,0.0,62.91709999999999,-62.91709999999999
14086.0,371,1,39.95,39.95,1,1,1,0.0,62.637899999999966,-62.637899999999966
16887.0,309,2,465.84,7.166769230769231,65,267,65,192.32999999999998,62.46585,129.86415
14302.0,339,3,742.9000000000001,26.532142857142862,28,298,25,0.0,61.885149999999996,-61.885149999999996
13741.0,92,2,363.13,18.1565,20,143,20,305.3,61.85694999999999,243.44305000000003
12462.0,212,1,762.11,19.05275,40,287,40,427.48,61.67039999999998,365.80960000000005
16183.0,303,3,739.1,28.426923076923078,26,238,17,338.71000000000004,61.39115000000001,277.31885
14244.0,569,1,366.41999999999996,22.901249999999997,16,814,16,0.0,61.29939999999997,-61.29939999999997
14579.0,341,1,105.56,4.2224,25,56,24,0.0,60.32459999999999,-60.32459999999999
16581.0,91,1,105.84,11.76,9,134,9,0.0,58.93789999999997,-58.93789999999997
17927.0,630,1,294.0,29.4,10,108,10,0.0,58.1373,-58.1373
17271.0,645,1,204.3,4.2562500000000005,48,113,46,0.0,57.71615000000003,-57.71615000000003
16856.0,326,2,323.09000000000003,19.00529411764706,17,159,15,35.400000000000006,57.57039999999997,-22.170399999999965
13608.0,449,1,232.05,6.825,34,110,31,0.0,57.052000000000014,-57.052000000000014
12376.0,298,2,503.15,38.70384615384615,13,240,11,0.0,56.092199999999984,-56.092199999999984
14065.0,297,3,891.02,18.18408163265306,49,582,42,0.0,56.0374,-56.0374
13161.0,222,2,472.13,14.306969696969697,33,105,30,0.0,55.46654999999999,-55.46654999999999
18100.0,459,1,451.56,15.052,30,440,30,0.0,55.1938,-55.1938
14366.0,433,1,136.0,136.0,1,16,1,0.0,54.839199999999956,-54.839199999999956
16850.0,242,1,332.41,17.495263157894737,19,249,19,0.0,54.592749999999995,-54.592749999999995
14919.0,448,1,359.35,27.642307692307693,13,129,13,0.0,54.42545,-54.42545
17938.0,329,1,144.29,4.97551724137931,29,53,29,0.0,54.41719999999997,-54.41719999999997
18119.0,276,1,180.7,6.23103448275862,29,124,29,0.0,54.159850000000006,-54.159850000000006
14889.0,245,1,135.9,13.59,10,90,10,0.0,53.465100000000035,-53.465100000000035
14061.0,415,3,917.4300000000001,48.28578947368421,19,133,17,0.0,53.34735000000003,-53.34735000000003
17196.0,336,1,327.75,3.524193548387097,93,154,84,0.0,53.27505000000002,-53.27505000000002
16932.0,332,2,262.32,3.0861176470588236,85,135,77,150.23,52.83009999999999,97.3999
18176.0,267,1,476.35,15.878333333333334,30,283,30,0.0,52.813749999999985,-52.813749999999985
17118.0,226,1,157.01999999999998,15.701999999999998,10,154,10,0.0,52.74910000000004,-52.74910000000004
17087.0,646,1,221.53,18.460833333333333,12,113,12,0.0,52.11490000000003,-52.11490000000003
13121.0,177,1,283.73,5.674600000000001,50,252,50,0.0,50.0053,-50.0053
17250.0,169,1,162.65,7.071739130434783,23,70,23,219.32,49.553200000000004,169.7668
13472.0,372,2,592.24,21.15142857142857,28,310,24,0.0,49.49404999999998,-49.49404999999998
13164.0,478,2,372.2,37.22,10,120,7,0.0,49.2474,-49.2474
14982.0,481,1,237.78,6.096923076923077,39,125,39,0.0,48.70384999999998,-48.70384999999998
14542.0,94,1,103.25,20.65,5,19,5,0.0,48.57305,-48.57305
14166.0,413,2,251.15,4.924509803921569,51,82,39,0.0,48.36030000000001,-48.36030000000001
13776.0,336,2,623.98,311.99,2,2,1,0.0,48.345105000000004,-48.345105000000004
16964.0,642,2,207.85,34.641666666666666,6,49,6,0.0,48.25545,-48.25545
14369.0,551,2,469.13,18.04346153846154,26,255,24,0.0,48.03980000000001,-48.03980000000001
17762.0,364,1,129.75,7.632352941176471,17,129,16,0.0,47.97614999999999,-47.97614999999999
13950.0,155,1,179.30999999999997,25.615714285714283,7,81,7,565.75,46.7842,518.9658
17181.0,282,2,225.45000000000002,32.20714285714286,7,243,7,84.39999999999999,46.35119999999999,38.0488
15447.0,239,5,492.88,16.99586206896552,29,228,27,0.0,46.23695,-46.23695
15837.0,394,1,385.03000000000003,13.75107142857143,28,216,28,391.98,46.1469,345.8331
14955.0,641,1,163.77,5.282903225806452,31,74,30,0.0,46.005599999999994,-46.005599999999994
14571.0,334,1,160.0,5.333333333333333,30,56,30,0.0,45.49915,-45.49915
12605.0,285,4,1232.95,16.223026315789475,76,929,63,0.0,45.46175,-45.46175
16310.0,323,2,460.08,16.431428571428572,28,270,26,0.0,44.90665,-44.90665
12732.0,88,1,236.26,19.688333333333333,12,111,12,0.0,44.85225,-44.85225
14705.0,107,1,179.0,179.0,1,100,1,0.0,44.6071,-44.6071
15723.0,273,4,930.6999999999999,7.566666666666666,123,427,108,0.0,44.03180000000001,-44.03180000000001
18166.0,532,1,175.5,17.55,10,90,10,0.0,42.529550000000015,-42.529550000000015
17803.0,301,1,184.66,6.839259259259259,27,98,27,0.0,42.47869999999999,-42.47869999999999
16974.0,431,2,365.5,45.6875,8,70,5,0.0,42.40895000000001,-42.40895000000001
18054.0,301,1,176.5,16.045454545454547,11,96,11,0.0,41.836050000000014,-41.836050000000014
18162.0,641,1,371.51,8.076304347826087,46,332,45,0.0,41.68559999999999,-41.68559999999999
16454.0,515,2,24.05,12.025,2,6,2,6.9,41.637649999999994,-34.737649999999995
17208.0,304,1,111.15,4.8326086956521745,23,101,21,0.0,41.177800000000005,-41.177800000000005
12392.0,500,1,234.75000000000003,33.53571428571429,7,73,7,0.0,40.944999999999986,-40.944999999999986
15484.0,448,2,1061.69,20.03188679245283,53,924,53,3590.41,40.3067,3550.1032999999998
17598.0,289,1,409.98,40.998000000000005,10,126,10,0.0,40.24385000000001,-40.24385000000001
15183.0,456,3,639.93,16.840263157894736,38,297,33,0.0,39.88769999999998,-39.88769999999998
15323.0,471,3,434.6,14.986206896551725,29,188,29,0.0,39.836099999999995,-39.836099999999995
13252.0,302,2,399.3,21.01578947368421,19,134,19,0.0,39.78750000000001,-39.78750000000001
16084.0,207,1,436.18,11.47842105263158,38,216,38,0.0,39.42539999999999,-39.42539999999999
15029.0,528,1,365.1,36.510000000000005,10,234,10,0.0,39.218250000000005,-39.218250000000005
15779.0,371,2,124.08000000000001,15.510000000000002,8,20,8,0.0,38.56860000000001,-38.56860000000001
15878.0,470,2,330.77,6.485686274509804,51,243,47,0.0,38.55465000000002,-38.55465000000002
17151.0,644,1,231.90000000000003,57.97500000000001,4,42,4,0.0,38.50249999999999,-38.50249999999999
13698.0,505,2,451.73,11.887631578947369,38,227,31,0.0,38.165699999999994,-38.165699999999994
16462.0,94,2,68.0,34.0,2,8,1,68.0,37.96969999999999,30.03030000000001
17471.0,383,1,321.65000000000003,16.928947368421053,19,153,19,0.0,37.94215,-37.94215
18021.0,418,2,216.41,6.7628125,32,168,32,0.0,37.57074999999999,-37.57074999999999
12672.0,238,2,437.05,19.865909090909092,22,138,22,0.0,37.512,-37.512
14679.0,290,3,1289.44,20.467301587301588,63,794,49,0.0,37.288999999999994,-37.288999999999994
17741.0,315,2,101.1,16.849999999999998,6,114,6,0.0,36.568900000000006,-36.568900000000006
16495.0,184,2,246.51,7.47,33,166,32,401.75,36.18014999999999,365.56985000000003
16127.0,635,1,145.06,4.144571428571429,35,68,35,656.25,36.10055000000001,620.14945
12920.0,480,3,323.86,10.120625,32,292,32,162.78,35.76125,127.01875000000001
15022.0,585,1,281.05,14.792105263157895,19,113,19,852.39,35.66905,816.72095
16890.0,385,3,285.41,15.021578947368422,19,243,17,0.0,34.9362,-34.9362
12419.0,294,2,503.01,20.1204,25,231,23,0.0,34.588399999999986,-34.588399999999986
15986.0,290,1,186.3,16.936363636363637,11,100,11,168.12,34.3388,133.7812
15086.0,473,2,218.53,19.866363636363637,11,95,10,0.0,34.03265,-34.03265
15056.0,428,1,113.64999999999999,18.941666666666666,6,69,6,0.0,34.0311,-34.0311
18201.0,631,1,447.53000000000003,16.575185185185187,27,191,27,0.0,33.63925,-33.63925
15741.0,366,2,208.62,17.385,12,70,11,0.0,33.14735,-33.14735
13306.0,339,1,53.65,13.4125,4,74,4,0.0,33.070299999999996,-33.070299999999996
12595.0,413,1,299.02,15.737894736842104,19,271,19,0.0,32.17194999999998,-32.17194999999998
17435.0,320,1,331.35,22.09,15,195,15,0.0,32.06805,-32.06805
13498.0,639,1,327.38,19.25764705882353,17,362,17,0.0,32.05659999999998,-32.05659999999998
16664.0,477,1,109.2,13.65,8,24,8,0.0,31.8657,-31.8657
15742.0,528,1,156.87,3.82609756097561,41,51,41,0.0,31.118500000000004,-31.118500000000004
17171.0,197,2,384.59,15.3836,25,225,25,0.0,31.091050000000006,-31.091050000000006
17766.0,290,2,299.61,13.618636363636364,22,155,21,0.0,30.767199999999992,-30.767199999999992
14811.0,296,1,170.5,6.089285714285714,28,74,28,0.0,30.538149999999995,-30.538149999999995
13416.0,645,1,228.3,32.614285714285714,7,66,7,712.5,30.293549999999996,682.20645
15961.0,287,1,451.29,10.745000000000001,42,154,42,0.0,29.941599999999998,-29.941599999999998
15543.0,197,2,242.26,4.326071428571429,56,167,50,0.0,29.842649999999995,-29.842649999999995
16804.0,179,1,118.05,6.213157894736842,19,34,19,418.94,29.32355,389.61645
13114.0,639,1,234.38,14.64875,16,74,16,0.0,29.276699999999995,-29.276699999999995
16578.0,535,1,156.6,17.4,9,108,9,0.0,29.11385,-29.11385
13628.0,585,1,310.14000000000004,19.383750000000003,16,106,16,0.0,28.922450000000005,-28.922450000000005
13578.0,318,1,147.66,16.406666666666666,9,127,9,0.0,28.889450000000007,-28.889450000000007
16405.0,211,2,167.25,33.45,5,187,3,0.0,28.714000000000006,-28.714000000000006
17794.0,595,2,147.3,21.042857142857144,7,46,7,0.0,28.641800000000003,-28.641800000000003
12825.0,430,2,518.63,21.609583333333333,24,139,20,0.0,28.125450000000004,-28.125450000000004
17547.0,284,2,727.85,23.479032258064517,31,223,22,0.0,27.886554999999998,-27.886554999999998
13007.0,488,1,175.25,15.931818181818182,11,59,11,0.0,27.065899999999996,-27.065899999999996
18224.0,172,1,158.95000000000002,15.895000000000001,10,69,10,0.0,26.90355000000001,-26.90355000000001
12606.0,590,1,21.0,21.0,1,1,1,0.0,26.754299999999997,-26.754299999999997
17535.0,189,1,164.4,12.646153846153847,13,136,13,0.0,26.532900000000005,-26.532900000000005
16046.0,471,1,235.78,10.717272727272727,22,248,22,0.0,26.5213,-26.5213
16273.0,557,2,318.34,21.222666666666665,15,40,15,0.0,26.1509,-26.1509
14237.0,282,2,471.14,18.12076923076923,26,238,26,0.0,25.993899999999993,-25.993899999999993
16481.0,591,1,453.38,28.33625,16,201,16,0.0,25.988955,-25.988955
17261.0,418,1,221.59,5.153255813953488,43,95,43,0.0,25.615700000000007,-25.615700000000007
14017.0,480,1,229.75,16.410714285714285,14,73,14,0.0,25.219699999999992,-25.219699999999992
15216.0,527,1,389.49,17.704090909090908,22,189,22,96.6,25.078699999999998,71.5213
17992.0,298,1,252.88,4.863076923076923,52,130,49,0.0,25.021349999999998,-25.021349999999998
17089.0,295,1,128.45,32.1125,4,35,4,0.0,24.4004,-24.4004
15477.0,558,1,368.4,184.2,2,216,2,0.0,24.287049999999994,-24.287049999999994
16937.0,407,1,196.25,4.005102040816326,49,123,49,0.0,24.266799999999993,-24.266799999999993
16437.0,289,2,301.25,14.345238095238095,21,197,17,0.0,24.088449999999998,-24.088449999999998
17993.0,526,1,225.99,3.7665,60,108,60,0.0,23.4685,-23.4685
18199.0,592,1,344.75,17.2375,20,99,20,0.0,23.0809,-23.0809
17275.0,292,1,114.1,4.960869565217391,23,71,23,0.0,22.973299999999995,-22.973299999999995
16852.0,85,1,113.06,16.15142857142857,7,51,7,31.85,22.91995,8.930050000000001
15788.0,417,1,221.83,15.845,14,115,14,0.0,22.8228,-22.8228
17875.0,597,1,167.1,6.426923076923076,26,98,25,0.0,22.504050000000003,-22.504050000000003
17792.0,376,2,368.35,7.0836538461538465,52,149,45,0.0,22.41565,-22.41565
12440.0,371,2,859.2,26.85,32,331,21,0.0,22.170705,-22.170705
17643.0,282,2,439.7,14.183870967741935,31,226,30,0.0,21.83385,-21.83385
15302.0,639,1,308.0,20.533333333333335,15,102,15,0.0,21.79105,-21.79105
12799.0,437,1,219.35,14.623333333333333,15,137,15,0.0,21.725600000000004,-21.725600000000004
16585.0,502,2,341.59,18.97722222222222,18,151,16,0.0,20.508200000000002,-20.508200000000002
14471.0,499,2,400.95,9.779268292682927,41,187,38,0.0,20.265150000000002,-20.265150000000002
16973.0,295,1,127.0,21.166666666666668,6,60,6,0.0,20.12365,-20.12365
15964.0,572,1,269.21000000000004,13.460500000000001,20,93,20,0.0,19.898449999999997,-19.898449999999997
16925.0,449,1,125.64999999999999,6.980555555555555,18,123,18,0.0,19.782799999999998,-19.782799999999998
16821.0,290,1,113.35,16.192857142857143,7,13,7,0.0,19.274749999999994,-19.274749999999994
14427.0,403,2,900.1800000000001,33.34,27,310,27,363.34000000000003,18.973399999999998,344.36660000000006
17285.0,537,2,407.94,9.271363636363636,44,134,41,0.0,18.7065,-18.7065
17798.0,490,1,178.07,3.957111111111111,45,138,43,0.0,18.652549999999994,-18.652549999999994
15859.0,341,1,438.46,19.93,22,174,22,0.0,18.2945,-18.2945
16564.0,478,1,87.8,17.56,5,40,5,0.0,18.218200000000003,-18.218200000000003
17170.0,282,2,178.68,17.868000000000002,10,152,8,0.0,18.214899999999993,-18.214899999999993
17467.0,304,1,102.6,25.65,4,20,4,0.0,18.19825,-18.19825
12622.0,140,1,180.1,16.37272727272727,11,69,11,0.0,18.17974999999999,-18.17974999999999
18029.0,551,1,433.77,24.098333333333333,18,253,18,0.0,17.9867,-17.9867
14521.0,399,1,199.45,11.73235294117647,17,211,17,0.0,17.747250000000005,-17.747250000000005
17922.0,451,1,170.4,21.3,8,49,8,0.0,17.40825,-17.40825
15913.0,442,1,6.300000000000001,6.300000000000001,1,3,1,0.0,17.156500000000005,-17.156500000000005
16632.0,394,2,406.4,15.05185185185185,27,256,22,0.0,17.12065,-17.12065
13175.0,491,2,831.45,18.075,46,423,40,0.0,16.7588,-16.7588
14018.0,554,1,367.15000000000003,28.242307692307694,13,224,13,0.0,16.666999999999998,-16.666999999999998
15515.0,296,1,171.81,24.544285714285714,7,131,7,0.0,16.5786,-16.5786
14945.0,322,1,179.4,16.30909090909091,11,156,11,0.0,16.1527,-16.1527
16786.0,302,1,51.839999999999996,51.839999999999996,1,72,1,0.0,15.707,-15.707
16061.0,340,1,89.65,29.883333333333336,3,19,3,0.0,15.609950000000001,-15.609950000000001
12746.0,449,1,254.55,14.973529411764707,17,97,17,0.0,15.511050000000003,-15.511050000000003
13968.0,332,1,123.66,15.4575,8,174,8,0.0,15.342599999999997,-15.342599999999997
17301.0,533,1,131.15,2.428703703703704,54,79,52,163.24,15.240749999999998,147.99925000000002
13254.0,285,1,51.410000000000004,12.852500000000001,4,43,4,0.0,15.052750000000001,-15.052750000000001
13132.0,170,1,77.3,25.766666666666666,3,20,3,0.0,15.011699999999998,-15.011699999999998
17752.0,267,1,80.64,80.64,1,192,1,0.0,14.388499999999999,-14.388499999999999
15899.0,277,1,56.25,14.0625,4,39,4,0.0,14.254000000000001,-14.254000000000001
17959.0,501,1,140.75,70.375,2,49,2,0.0,13.697449999999998,-13.697449999999998
14812.0,507,1,178.85,4.968055555555555,36,135,36,0.0,12.902949999999999,-12.902949999999999
13530.0,543,1,402.97999999999996,22.387777777777774,18,272,18,0.0,12.09,-12.09
13794.0,455,1,126.03,14.003333333333334,9,63,9,0.0,10.803899999999999,-10.803899999999999
14943.0,571,1,107.62,21.524,5,46,5,0.0,10.396700000000001,-10.396700000000001
13830.0,490,1,156.85000000000002,14.259090909090911,11,47,11,0.0,10.284499999999998,-10.284499999999998
16058.0,314,1,62.7,31.35,2,18,2,0.0,10.098400000000002,-10.098400000000002
15293.0,574,1,247.5,13.026315789473685,19,178,19,0.0,10.075349999999998,-10.075349999999998
14760.0,205,1,89.2,17.84,5,40,5,0.0,10.0241,-10.0241
17129.0,429,1,31.85,15.925,2,5,2,0.0,9.99305,-9.99305
13580.0,315,1,107.75,21.55,5,45,5,0.0,9.9406,-9.9406
18123.0,422,1,92.2,4.190909090909091,22,34,22,574.4399999999999,9.5631,564.8769
15843.0,212,1,118.95000000000002,14.868750000000002,8,27,8,0.0,9.556350000000002,-9.556350000000002
14391.0,485,1,135.6,9.685714285714285,14,168,14,0.0,8.9542,-8.9542
14650.0,497,1,62.5,15.625,4,22,4,0.0,8.738000000000001,-8.738000000000001
13119.0,577,1,134.9,12.263636363636364,11,110,11,0.0,8.722100000000001,-8.722100000000001
15851.0,435,1,109.72999999999999,13.716249999999999,8,67,8,0.0,8.55815,-8.55815
15317.0,585,1,129.75,25.95,5,45,5,0.0,8.32375,-8.32375
13852.0,519,1,187.35000000000002,17.031818181818185,11,85,11,0.0,8.1989,-8.1989
12495.0,549,1,357.4,21.023529411764706,17,130,17,0.0,7.505,-7.505
17971.0,457,1,161.94,7.711428571428572,21,62,21,0.0,7.0188,-7.0188
13688.0,544,1,375.5,75.1,5,130,5,0.0,7.0009500000000005,-7.0009500000000005
18174.0,512,1,58.5,58.5,1,30,1,104.0,6.8571,97.1429
17559.0,421,1,167.62,13.968333333333334,12,270,12,0.0,6.61245,-6.61245
13315.0,598,1,310.26,14.102727272727272,22,232,22,0.0,6.344200000000001,-6.344200000000001
13163.0,518,1,17.65,8.825,2,3,2,0.0,6.3238,-6.3238
18113.0,277,1,76.32000000000001,76.32000000000001,1,72,1,0.0,6.030799999999999,-6.030799999999999
14042.0,634,1,431.98,20.570476190476192,21,180,21,0.0,5.9121500000000005,-5.9121500000000005
15273.0,508,1,228.96,228.96,1,216,1,0.0,5.73735,-5.73735
14190.0,575,1,79.9,79.9,1,2,1,0.0,5.4146,-5.4146
17136.0,571,1,231.68,16.548571428571428,14,256,14,0.0,5.395499999999999,-5.395499999999999
16436.0,577,3,319.14,7.9784999999999995,40,227,37,0.0,4.7286,-4.7286
14473.0,191,1,85.0,85.0,1,10,1,149.34,4.48385,144.85615
16615.0,535,1,291.5,15.342105263157896,19,211,19,0.0,4.47745,-4.47745
16819.0,373,2,182.59,10.740588235294117,17,253,17,0.0,4.0795,-4.0795
14066.0,175,1,152.55,21.792857142857144,7,45,7,0.0,3.6322500000000004,-3.6322500000000004
12401.0,212,1,84.3,16.86,5,11,5,0.0,2.9770999999999996,-2.9770999999999996
14266.0,337,1,40.56,40.56,1,24,1,0.0,2.20375,-2.20375
18148.0,555,1,112.85000000000001,11.285,10,63,9,0.0,2.14485,-2.14485
13653.0,396,1,152.2,16.91111111111111,9,72,9,0.0,2.0559,-2.0559
13913.0,415,1,42.22,14.073333333333332,3,10,3,0.0,1.5886000000000002,-1.5886000000000002
17605.0,499,1,160.75,12.365384615384615,13,71,13,0.0,0.96695,-0.96695
16530.0,577,1,48.349999999999994,16.116666666666664,3,17,3,0.0,0.7272,-0.7272
15672.0,633,1,45.300000000000004,15.100000000000001,3,10,3,0.0,0.7272,-0.7272
12848.0,584,1,208.0,13.0,16,58,16,0.0,0.6653,-0.6653
17915.0,460,1,225.78,7.785517241379311,29,184,27,0.0,0.435,-0.435
12954.0,547,1,162.45,16.244999999999997,10,83,10,0.0,0.2175,-0.2175
